Workbook

Sheet MARD
A1: 🔴 MARD
A3: Totalt antall rader | B3: =COUNTA(A11:A1016) -> 1006
A4: Unike MATNR totalt | B4: {=SUMPRODUCT(1/COUNTIF(A11:A1016,A11:A1016))} -> 1006
A5: Aktive (TOTAL_STOCK > 0) | B5: =COUNTIF(Q11:Q1016,">0") -> 709
A6: Inaktive (TOTAL_STOCK = 0) | B6: =COUNTIF(Q11:Q1016,0) -> 297
A7: Unike aktive MATNR | B7: {=SUMPRODUCT((Q11:Q1016>0)*(1/COUNTIF(A11:A1016,A11:A1016)))} -> 709
A8: Andel aktive (%) | B8: =B5/B3 -> 0.70477137
A10: Material | B10: Fabrikk | C10: Lager | D10: Vedlikeholdsstatus | E10: Sl.merking lagernivå | F10: År innev. periode | G10: Inneværende periode | H10: Fritt disponibel (LABST) | I10: Sperret (EINME) | J10: Lagerbeholdning | K10: Lagerbeholdn. - f.å. | L10: Lageradresse | M10: Dato for siste LT | N10: Opprettingsdato | O10: MARDH-post | P10: Regnskapsår | Q10: TOTAL_STOCK | R10: STATUS
A11: =[1]Data!A2 -> 4000005 | B11: =[1]Data!B2 -> 3300 | C11: =[1]Data!C2 -> 3001 | D11: =[1]Data!D2 -> DL | E11: =[1]Data!E2 | F11: =[1]Data!F2 -> 2026 | G11: =[1]Data!G2 -> 2 | H11: =[1]Data!H2 -> 52 | ... R11: =[1]Data!R2
A12: =[1]Data!A3 -> 4000009 | B12: =[1]Data!B3 -> 3300 | C12: =[1]Data!C3 -> 3001 | D12: =[1]Data!D3 -> DL | E12: =[1]Data!E3 | F12: =[1]Data!F3 -> 2024 | G12: =[1]Data!G3 -> 9 | H12: =[1]Data!H3 -> 0 | ... R12: =[1]Data!R3 -> INAKTIV
A13: =[1]Data!A4 -> 4000014 | B13: =[1]Data!B4 -> 3300 | C13: =[1]Data!C4 -> 3001 | D13: =[1]Data!D4 -> L | E13: =[1]Data!E4 | F13: =[1]Data!F4 -> 2026 | G13: =[1]Data!G4 -> 3 | H13: =[1]Data!H4 -> 302 | ... R13: =[1]Data!R4
A14: =[1]Data!A5 -> 4000023 | B14: =[1]Data!B5 -> 3300 | C14: =[1]Data!C5 -> 3001 | D14: =[1]Data!D5 -> DL | E14: =[1]Data!E5 | F14: =[1]Data!F5 -> 2026 | G14: =[1]Data!G5 -> 3 | H14: =[1]Data!H5 -> 574 | ... R14: =[1]Data!R5
A15: =[1]Data!A6 -> 4000024 | B15: =[1]Data!B6 -> 3300 | C15: =[1]Data!C6 -> 3001 | D15: =[1]Data!D6 -> DL | E15: =[1]Data!E6 | F15: =[1]Data!F6 -> 2026 | G15: =[1]Data!G6 -> 2 | H15: =[1]Data!H6 -> 2130 | ... R15: =[1]Data!R6
A16: =[1]Data!A7 -> 4000027 | B16: =[1]Data!B7 -> 3300 | C16: =[1]Data!C7 -> 3001 | D16: =[1]Data!D7 -> L | E16: =[1]Data!E7 | F16: =[1]Data!F7 -> 2026 | G16: =[1]Data!G7 -> 2 | H16: =[1]Data!H7 -> 184 | ... R16: =[1]Data!R7
A17: =[1]Data!A8 -> 4000032 | B17: =[1]Data!B8 -> 3300 | C17: =[1]Data!C8 -> 3001 | D17: =[1]Data!D8 -> DL | E17: =[1]Data!E8 | F17: =[1]Data!F8 -> 2022 | G17: =[1]Data!G8 -> 2 | H17: =[1]Data!H8 -> 0 | ... R17: =[1]Data!R8 -> INAKTIV
A18: =[1]Data!A9 -> 4000060 | B18: =[1]Data!B9 -> 3300 | C18: =[1]Data!C9 -> 3001 | D18: =[1]Data!D9 -> L | E18: =[1]Data!E9 | F18: =[1]Data!F9 -> 2026 | G18: =[1]Data!G9 -> 3 | H18: =[1]Data!H9 -> 1900 | ... R18: =[1]Data!R9
A19: =[1]Data!A10 -> 4000061 | B19: =[1]Data!B10 -> 3300 | C19: =[1]Data!C10 -> 3001 | D19: =[1]Data!D10 -> L | E19: =[1]Data!E10 | F19: =[1]Data!F10 -> 2026 | G19: =[1]Data!G10 -> 3 | H19: =[1]Data!H10 -> 2600 | ... R19: =[1]Data!R10
A20: =[1]Data!A11 -> 4000062 | B20: =[1]Data!B11 -> 3300 | C20: =[1]Data!C11 -> 3001 | D20: =[1]Data!D11 -> L | E20: =[1]Data!E11 | F20: =[1]Data!F11 -> 2024 | G20: =[1]Data!G11 -> 11 | H20: =[1]Data!H11 -> 0 | ... R20: =[1]Data!R11 -> INAKTIV
A21: =[1]Data!A12 -> 4000063 | B21: =[1]Data!B12 -> 3300 | C21: =[1]Data!C12 -> 3001 | D21: =[1]Data!D12 -> L | E21: =[1]Data!E12 | F21: =[1]Data!F12 -> 2021 | G21: =[1]Data!G12 -> 11 | H21: =[1]Data!H12 -> 0 | ... R21: =[1]Data!R12 -> INAKTIV
A22: =[1]Data!A13 -> 4000065 | B22: =[1]Data!B13 -> 3300 | C22: =[1]Data!C13 -> 3001 | D22: =[1]Data!D13 -> L | E22: =[1]Data!E13 | F22: =[1]Data!F13 -> 2026 | G22: =[1]Data!G13 -> 3 | H22: =[1]Data!H13 -> 7000 | ... R22: =[1]Data!R13
... A1016: =[1]Data!A1007 -> 4049385 | B1016: =[1]Data!B1007 -> 3300 | C1016: =[1]Data!C1007 -> 3001 | D1016: =[1]Data!D1007 -> DL | E1016: =[1]Data!E1007 | F1016: =[1]Data!F1007 -> 2026 | G1016: =[1]Data!G1007 -> 2 | H1016: =[1]Data!H1007 -> 0 | ... R1016: =[1]Data!R1007 -> INAKTIV

Sheet MDMA
A1: 🔴 MDMA
A3: Totalt antall MATNR | B3: 871
A4: ABC dekningsprosent | B4: 0.8278
A5: XYZ dekningsprosent | B5: 0.5006
A6: ZZABC blank (mangler) | B6: 150
A7: ZZXYZ blank (mangler) | B7: 435
A8: Vanligste ABC-klasse | B8: C
A10: Material | B10: MRP-område | C10: MRP-område: Fabrikk | D10: MRP-type | E10: Materialplanlegger | F10: MRP-gruppe | G10: Bestillingspunkt | H10: Partiberegningsmetode | I10: Spesialanskaffelse | J10: Fast partistørrelse | K10: Slettemerking | L10: Aut. annullering | M10: Vedlikeholdsstatus | N10: Planl. leveringstid | O10: Endret av | P10: Endret den | Q10: Endret kl. | R10: Produkt | S10: Lokal.prod.-ID | T10: VM-behandlingstid | U10: Fastsetting sikkerhLagermet. | V10: Migreringsstatus | W10: ABC-indikator | X10: XYZ Indicator | Y10: ABC_COVERAGE | Z10: XYZ_COVERAGE
A11: 4000005 | B11: 3300_3001 | C11: 3300 | D11: Z1 | E11: 301 | F11: 0 | G11: 20 | H11: FX | I11: YB | J11: 50 | M11: D | N11: 0 | O11: HAUHIL | P11: 45924 | Q11: 0.36790509 | R11: BD89761801441EEF99BF6CB438ECC92D | S11: lObs60547k{PlsoqEEp9BG | U11: X | V11: 1 | X11: X | Y11: MANGLER | Z11: OK
A12: 4000009 | B12: 3300_3001 | C12: 3300 | D12: ND | E12: 301 | F12: 0 | G12: 594 | H12: FX | I12: 20 | J12: 180 | K12: X | M12: D | N12: 0 | O12: ALOS | P12: 45547 | Q12: 0.59811343 | R12: BD89761801441EEF99BF5A8198F4074E | S12: lObs60547k{Plrg1cFG7JW | X12: X | Y12: MANGLER | Z12: OK
A13: 4000014 | B13: 3300_3001 | C13: 3300 | D13: Z1 | E13: 301 | F13: 0 | G13: 400 | H13: FX | I13: YB | J13: 250 | M13: D | N13: 0 | O13: HAUHIL | P13: 46007 | Q13: 0.32560185 | R13: 0 | T13: 1,00 | U13: X | V13: 1 | W13: A | X13: X | Y13: OK | Z13: OK
A14: 4000023 | B14: 3300_3001 | C14: 3300 | D14: Z1 | E14: 301 | F14: 0 | G14: 400 | H14: FX | I14: 20 | J14: 1440 | M14: D | N14: 0 | O14: ERLI | P14: 45356 | Q14: 0.31668981 | R14: 3627711FA3061EED8C864CE1DFDA20FD | S14: DYTn7wC67ksCXapXtzeW}G | U14: X | V14: 1 | W14: A | X14: Y | Y14: OK | Z14: OK
A15: 4000024 | B15: 3300_3001 | C15: 3300 | D15: Z1 | E15: 301 | F15: 0 | G15: 1800 | H15: FX | I15: 20 | J15: 1440 | M15: D | N15: 0 | O15: ABKJ | P15: 45947 | Q15: 0.33091435 | R15: 3627711FA3061EDD8CCD6D43992C52D7 | S15: DYTn7wC67jsCpMr3cInIrm | U15: X | V15: 1 | W15: A | X15: Y | Y15: OK | Z15: OK
A16: 4000027 | B16: 3300_3001 | C16: 3300 | D16: Z1 | E16: 301 | F16: 0 | G16: 10 | H16: FX | I16: YB | J16: 40 | M16: D | N16: 5 | O16: HAUHIL | P16: 46052 | Q16: 0.51880787 | R16: 36277CA1D60A1EDC87A69674BF833147 | S16: DYTyeTOA7jo7ffPqluCnHm | T16: 1,00 | U16: X | V16: 1 | W16: C | X16: Y | Y16: OK | Z16: OK
A17: 4000060 | B17: 3300_3001 | C17: 3300 | D17: Z1 | E17: 301 | F17: 0 | G17: 1200 | H17: FX | I17: YB | J17: 1600 | M17: D | N17: 0 | O17: HAUHIL | P17: 46057 | Q17: 0.54243056 | R17: 36277CA1D60A1EDC87A6969901185147 | S17: DYTyeTOA7jo7ffQP0HXHHm | U17: X | V17: 1 | W17: B | X17: X | Y17: OK | Z17: OK
A18: 4000061 | B18: 3300_3001 | C18: 3300 | D18: Z1 | E18: 301 | F18: 0 | G18: 1500 | H18: FX | I18: ZI | J18: 2600 | M18: D | N18: 0 | O18: ERLI | P18: 45687 | Q18: 0.3434375 | R18: 36277CA1D60A1EDC87A696990118F147 | S18: DYTyeTOA7jo7ffQP0HZnHm | U18: X | V18: 1 | W18: A | X18: X | Y18: OK | Z18: OK
A19: 4000062 | B19: 3300_3001 | C19: 3300 | D19: ND | G19: 0 | J19: 0 | M19: D | N19: 0 | O19: TOVKVA | P19: 45040 | Q19: 0.69572917 | R19: 36277CA1D60A1EDC87A69699011A3147 | S19: DYTyeTOA7jo7ffQP0HenHm | U19: X | V19: 1 | W19: C | X19: X | Y19: OK | Z19: OK
A20: 4000063 | B20: 3300_3001 | C20: 3300 | D20: ND | G20: 0 | I20: ZI | J20: 0 | M20: D | N20: 0 | O20: ANDSIS | P20: 45204 | Q20: 0.44590278 | R20: 0 | U20: X | V20: 1 | W20: C | X20: X | Y20: OK | Z20: OK
A21: 4000065 | B21: 3300_3001 | C21: 3300 | D21: Z1 | E21: 301 | F21: 0 | G21: 8000 | H21: FX | I21: ZI | J21: 20000 | M21: D | N21: 0 | O21: TOVKVA | P21: 44703 | Q21: 0.92457176 | R21: 36277CA1D60A1EDC87A69699011CB147 | S21: DYTyeTOA7jo7ffQP0HonHm | U21: X | V21: 1 | W21: A | X21: X | Y21: OK | Z21: OK
A22: 4000066 | B22: 3300_3001 | C22: 3300 | D22: Z1 | E22: 301 | F22: 0 | G22: 200 | H22: FX | I22: YB | J22: 100 | M22: D | N22: 0 | O22: HAUHIL | P22: 46007 | Q22: 0.30540509 | R22: 0 | T22: 1,00 | U22: X | V22: 1 | W22: C | X22: X | Y22: OK | Z22: OK
A23: 4000067 | B23: 3300_3001 | C23: 3300 | D23: Z1 | E23: 301 | F23: 0 | G23: 25 | H23: FX | I23: YB | J23: 100 | M23: D | N23: 5 | O23: HAUHIL | P23: 45924 | Q23: 0.38189815 | R23: 0 | T23: 1,00 | U23: X | V23: 1 | W23: C | Y23: OK | Z23: MANGLER
A24: 4000069 | B24: 3300_3001 | C24: 3300 | D24: ND | G24: 0 | J24: 0 | M24: D | N24: 0 | O24: ANDSIS | P24: 45204 | Q24: 0.44784722 | R24: 36277CA1D60A1EDC87A69699011E9147 | S24: DYTyeTOA7jo7ffQP0HwHHm | U24: X | V24: 1 | W24: C | X24: X | Y24: OK | Z24: OK
A25: 4000072 | B25: 3300_3001 | C25: 3300 | D25: Z1 | E25: 301 | F25: 0 | G25: 1000 | H25: FX | I25: YB | J25: 480 | M25: D | N25: 0 | O25: HAUHIL | P25: 45988 | Q25: 0.2765162 | R25: 36277CA1D60A1EDC87A6969901207147 | S25: DYTyeTOA7jo7ffQP0I1nHm | U25: X | V25: 1 | W25: B | X25: X | Y25: OK | Z25: OK
A26: 4000077 | B26: 3300_3001 | C26: 3300 | D26: Z1 | E26: 301 | F26: 0 | G26: 400 | H26: FX | I26: ZI | J26: 200 | M26: D | N26: 0 | O26: ERLI | P26: 45489 | Q26: 0.32076389 | R26: 36277CA1D60A1EDC87A6969901211147 | S26: DYTyeTOA7jo7ffQP0I4HHm | T26: 1,00 | U26: X | V26: 1 | W26: B | X26: Y | Y26: OK | Z26: OK
A27: 4000078 | B27: 3300_3001 | C27: 3300 | D27: Z1 | E27: 301 | F27: 0 | G27: 1000 | H27: FX | I27: 20 | J27: 1000 | M27: D | N27: 0 | O27: HAUHIL | P27: 46035 | Q27: 0.27616898 | R27: 36277CA1D60A1EDC87A696990121B147 | S27: DYTyeTOA7jo7ffQP0I6nHm | T27: 1,00 | U27: X | V27: 1 | W27: C | X27: X | Y27: OK | Z27: OK
A28: 4000084 | B28: 3300_3001 | C28: 3300 | D28: Z1 | E28: 301 | F28: 0 | G28: 106 | H28: FX | I28: 20 | J28: 56 | M28: D | N28: 5 | O28: HAUHIL | P28: 45446 | Q28: 0.36844907 | R28: 36277CA1D60A1EDC87A696990122F147 | S28: DYTyeTOA7jo7ffQP0IBnHm | T28: 1,00 | U28: X | V28: 1 | W28: C | X28: X | Y28: OK | Z28: OK
A29: 4000090 | B29: 3300_3001 | C29: 3300 | D29: Z1 | E29: 301 | F29: 0 | G29: 3000 | H29: FX | I29: 20 | J29: 1200 | M29: D | N29: 0 | O29: HAUHIL | P29: 45306 | Q29: 0.30049769 | R29: 36277CA1D60A1EDC87A6969901239147 | S29: DYTyeTOA7jo7ffQP0IEHHm | T29: 1,00 | U29: X | V29: 1 | W29: B | Y29: OK | Z29: MANGLER
A30: 4000094 | B30: 3300_3001 | C30: 3300 | D30: Z1 | E30: 301 | F30: 0 | G30: 3500 | H30: FX | I30: YB | J30: 4000 | M30: D | N30: 0 | O30: HAUHIL | P30: 45973 | Q30: 0.28586806 | R30: 3627711FA3061EED95D22DCEA2B66BBB | S30: DYTn7wC67ksLqYtEehPhkm | U30: X | V30: 1 | W30: A | X30: Y | Y30: OK | Z30: OK
A31: 4000108 | B31: 3300_3001 | C31: 3300 | D31: Z1 | E31: 301 | F31: 0 | G31: 3000 | H31: FX | I31: 20 | J31: 600 | M31: D | N31: 5 | O31: ANDSIS | P31: 45358 | Q31: 0.38288194 | R31: 36277CA1D60A1EDC87A6969901275147 | S31: DYTyeTOA7jo7ffQP0ITHHm | T31: 1,00 | U31: X | V31: 1 | W31: A | X31: Y | Y31: OK | Z31: OK
A32: 4000273 | B32: 3300_3001 | C32: 3300 | D32: Z1 | E32: 301 | F32: 0 | G32: 9000 | H32: FX | I32: YB | J32: 11520 | M32: D | N32: 0 | O32: HAUHIL | P32: 45924 | Q32: 0.53972222 | R32: 0 | U32: X | V32: 1 | W32: A | X32: Y | Y32: OK | Z32: OK
A33: 4000274 | B33: 3300_3001 | C33: 3300 | D33: Z1 | E33: 301 | F33: 0 | G33: 17280 | H33: FX | I33: YB | J33: 8640 | M33: D | N33: 0 | O33: HAUHIL | P33: 45636 | Q33: 0.28885417 | R33: 0 | U33: X | V33: 1 | W33: A | X33: X | Y33: OK | Z33: OK
A34: 4000275 | B34: 3300_3001 | C34: 3300 | D34: Z1 | E34: 301 | F34: 0 | G34: 700 | H34: FX | I34: ZJ | J34: 1000 | M34: D | N34: 0 | O34: ABKJ | P34: 45552 | Q34: 0.55476852 | R34: 36277CA1D60A1EDC87A696E593F43147 | S34: DYTyeTOA7jo7ffRba}GnHm | U34: X | V34: 1 | W34: C | X34: X | Y34: OK | Z34: OK
A35: 4000276 | B35: 3300_3001 | C35: 3300 | D35: Z1 | E35: 301 | F35: 0 | G35: 1200 | H35: FX | I35: YB | J35: 1000 | M35: D | N35: 0 | O35: HAUHIL | P35: 45993 | Q35: 0.28025463 | R35: 36277CA1D60A1EDC87A696E593F4D147 | S35: DYTyeTOA7jo7ffRba}JHHm | U35: X | V35: 1 | W35: C | X35: X | Y35: OK | Z35: OK
A36: 4000279 | B36: 3300_3001 | C36: 3300 | D36: Z1 | E36: 301 | F36: 0 | G36: 1500 | H36: FX | I36: YB | J36: 1000 | M36: D | N36: 0 | O36: HAUHIL | P36: 45720 | Q36: 0.3199537 | R36: 0 | T36: 1,00 | U36: X | V36: 1 | W36: B | X36: Y | Y36: OK | Z36: OK
A37: 4000280 | B37: 3300_3001 | C37: 3300 | D37: ND | E37: 301 | F37: 0 | G37: 8000 | H37: FX | I37: 20 | J37: 2000 | K37: X | M37: D | N37: 0 | O37: KOVE | P37: 44495 | Q37: 0.39685185 | R37: 36277CA1D60A1EDC87A696E593F75147 | S37: DYTyeTOA7jo7ffRba}THHm | W37: C | Y37: OK | Z37: MANGLER
A38: 4000286 | B38: 3300_3001 | C38: 3300 | D38: Z1 | E38: 301 | F38: 0 | G38: 1500 | H38: FX | I38: YB | J38: 3000 | M38: D | N38: 0 | O38: HAUHIL | P38: 45728 | Q38: 0.27861111 | R38: 36277CA1D60A1EDC87A696E593F89147 | S38: DYTyeTOA7jo7ffRba}YHHm | U38: X | V38: 1 | W38: A | X38: X | Y38: OK | Z38: OK
A39: 4000287 | B39: 3300_3001 | C39: 3300 | D39: Z1 | E39: 301 | F39: 0 | G39: 2000 | H39: FX | I39: YB | J39: 3000 | M39: D | N39: 0 | O39: HAUHIL | P39: 45726 | Q39: 0.30553241 | R39: 36277CA1D60A1EDC87A696E593F93147 | S39: DYTyeTOA7jo7ffRba}anHm | U39: X | V39: 1 | W39: A | X39: X | Y39: OK | Z39: OK
A40: 4000288 | B40: 3300_3001 | C40: 3300 | D40: Z1 | E40: 301 | F40: 0 | G40: 1500 | H40: FX | I40: YB | J40: 2000 | M40: D | N40: 0 | O40: HAUHIL | P40: 46070 | Q40: 0.32168981 | R40: 36277CA1D60A1EDC87A696E593FB1147 | S40: DYTyeTOA7jo7ffRba}iHHm | U40: X | V40: 1 | W40: A | X40: X | Y40: OK | Z40: OK
A41: 4000290 | B41: 3300_3001 | C41: 3300 | D41: Z1 | E41: 301 | F41: 0 | G41: 500 | H41: FX | I41: YB | J41: 500 | M41: D | N41: 0 | O41: HAUHIL | P41: 45947 | Q41: 0.32868056 | R41: 36277CA1D60A1EDC87A6970BA4371147 | S41: DYTyeTOA7jo7ffSBf3SHHm | T41: 1,00 | U41: X | V41: 1 | W41: C | X41: X | Y41: OK | Z41: OK
A42: 4000291 | B42: 3300_3001 | C42: 3300 | D42: Z1 | E42: 301 | F42: 0 | G42: 355 | H42: FX | I42: YB | J42: 200 | M42: D | N42: 5 | O42: THOJEN | P42: 46036 | Q42: 0.42037037 | R42: 0 | T42: 1,00 | U42: X | V42: 1 | W42: C | X42: X | Y42: OK | Z42: OK
A43: 4000310 | B43: 3300_3001 | C43: 3300 | D43: Z1 | E43: 301 | F43: 0 | G43: 100 | H43: FX | I43: YB | J43: 140 | M43: D | N43: 0 | O43: HAUHIL | P43: 45653 | Q43: 0.29696759 | R43: 0 | T43: 1,00 | U43: X | V43: 1 | W43: B | X43: X | Y43: OK | Z43: OK
A44: 4000311 | B44: 3300_3001 | C44: 3300 | D44: Z1 | E44: 301 | F44: 0 | G44: 105 | H44: FX | I44: ZI | J44: 70 | M44: D | N44: 0 | O44: HAUHIL | P44: 46042 | Q44: 0.39728009 | R44: 36277CA1D60A1EDC87A6970BA43A3147 | S44: DYTyeTOA7jo7ffSBf3enHm | T44: 1,00 | U44: X | V44: 1 | W44: C | X44: X | Y44: OK | Z44: OK
A45: 4000312 | B45: 3300_3001 | C45: 3300 | D45: Z1 | E45: 301 | F45: 0 | G45: 120 | H45: FX | I45: ZI | J45: 60 | M45: D | N45: 0 | O45: HAUHIL | P45: 46042 | Q45: 0.39681713 | R45: 36277CA1D60A1EDC87A6970BA43AD147 | S45: DYTyeTOA7jo7ffSBf3hHHm | T45: 1,00 | U45: X | V45: 1 | W45: C | X45: X | Y45: OK | Z45: OK
A46: 4000313 | B46: 3300_3001 | C46: 3300 | D46: Z1 | E46: 301 | F46: 0 | G46: 60 | H46: FX | I46: ZI | J46: 40 | M46: D | N46: 0 | O46: HAUHIL | P46: 46042 | Q46: 0.3978588 | R46: 36277CA1D60A1EDC87A6970BA43B7147 | S46: DYTyeTOA7jo7ffSBf3jnHm | T46: 1,00 | U46: X | V46: 1 | W46: B | X46: X | Y46: OK | Z46: OK
A47: 4000314 | B47: 3300_3001 | C47: 3300 | D47: Z1 | E47: 301 | F47: 0 | G47: 976 | H47: FX | I47: YB | J47: 600 | M47: D | N47: 5 | O47: THOJEN | P47: 46036 | Q47: 0.42037037 | R47: 0 | T47: 1,00 | U47: X | V47: 1 | W47: B | Y47: OK | Z47: MANGLER
A48: 4000315 | B48: 3300_3001 | C48: 3300 | D48: Z1 | E48: 301 | F48: 0 | G48: 40 | H48: FX | I48: YB | J48: 30 | M48: D | N48: 0 | O48: HAUHIL | P48: 46057 | Q48: 0.32665509 | R48: 36277CA1D60A1EDC87A6970BA43CB147 | S48: DYTyeTOA7jo7ffSBf3onHm | T48: 1,00 | U48: X | V48: 1 | W48: C | X48: X | Y48: OK | Z48: OK
A49: 4000316 | B49: 3300_3001 | C49: 3300 | D49: Z1 | E49: 301 | F49: 0 | G49: 60 | H49: FX | I49: ZI | J49: 30 | M49: D | N49: 5 | O49: ANDSIS | P49: 45205 | Q49: 0.40650463 | R49: 36277CA1D60A1EDC87A6970BA43DF147 | S49: DYTyeTOA7jo7ffSBf3tnHm | T49: 1,00 | U49: X | V49: 1 | W49: A | X49: X | Y49: OK | Z49: OK
A50: 4000319 | B50: 3300_3001 | C50: 3300 | D50: Z1 | E50: 301 | F50: 0 | G50: 50 | H50: FX | I50: YB | J50: 60 | M50: D | N50: 0 | O50: HAUHIL | P50: 46057 | Q50: 0.3278588 | R50: 36277CA1D60A1EDC87A6970BA43E9147 | S50: DYTyeTOA7jo7ffSBf3wHHm | T50: 1,00 | U50: X | V50: 1 | W50: B | X50: X | Y50: OK | Z50: OK
A51: 4000323 | B51: 3300_3001 | C51: 3300 | D51: Z1 | E51: 301 | F51: 0 | G51: 240 | H51: FX | I51: 20 | J51: 120 | M51: D | N51: 5 | O51: HAUHIL | P51: 45238 | Q51: 0.42350694 | R51: 0 | T51: 1,00 | U51: X | V51: 1 | W51: C | X51: Y | Y51: OK | Z51: OK
A52: 4000324 | B52: 3300_3001 | C52: 3300 | D52: Z1 | E52: 301 | F52: 0 | G52: 240 | H52: FX | I52: 20 | J52: 60 | M52: D | N52: 0 | O52: HAUHIL | P52: 46013 | Q52: 0.28622685 | R52: 36277CA1D60A1EDC87A6970BA441B147 | S52: DYTyeTOA7jo7ffSBf46nHm | T52: 1,00 | U52: X | V52: 1 | W52: C | X52: Y | Y52: OK | Z52: OK
A53: 4000325 | B53: 3300_3001 | C53: 3300 | D53: Z1 | E53: 301 | F53: 0 | G53: 90 | H53: FX | I53: 20 | J53: 60 | M53: D | N53: 5 | O53: HAUHIL | P53: 45238 | Q53: 0.4244213 | R53: 0 | T53: 1,00 | U53: X | V53: 1 | W53: C | X53: Y | Y53: OK | Z53: OK
A54: 4000328 | B54: 3300_3001 | C54: 3300 | D54: Z1 | E54: 301 | F54: 0 | G54: 50 | H54: FX | I54: 20 | J54: 40 | M54: D | N54: 5 | O54: HAUHIL | P54: 45238 | Q54: 0.42479167 | R54: 36277CA1D60A1EDC87A6970BA4425147 | S54: DYTyeTOA7jo7ffSBf49HHm | T54: 1,00 | U54: X | V54: 1 | W54: C | X54: Y | Y54: OK | Z54: OK
A55: 4000330 | B55: 3300_3001 | C55: 3300 | D55: Z1 | E55: 301 | F55: 0 | G55: 100 | H55: FX | I55: YB | J55: 150 | M55: D | N55: 5 | O55: THOJEN | P55: 46036 | Q55: 0.42037037 | R55: 0 | T55: 1,00 | U55: X | V55: 1 | W55: C | X55: Y | Y55: OK | Z55: OK
A56: 4000331 | B56: 3300_3001 | C56: 3300 | D56: Z1 | E56: 301 | F56: 0 | G56: 334 | H56: FX | I56: YB | J56: 300 | M56: D | N56: 5 | O56: THOJEN | P56: 46036 | Q56: 0.42037037 | R56: 36277CA1D60A1EDC87A6970BA4439147 | S56: DYTyeTOA7jo7ffSBf4EHHm | T56: 1,00 | U56: X | V56: 1 | W56: C | X56: X | Y56: OK | Z56: OK
A57: 4000332 | B57: 3300_3001 | C57: 3300 | D57: Z1 | E57: 301 | F57: 0 | G57: 382 | H57: FX | I57: YB | J57: 300 | M57: D | N57: 5 | O57: THOJEN | P57: 46036 | Q57: 0.42037037 | R57: 0 | T57: 1,00 | U57: X | V57: 1 | W57: C | X57: X | Y57: OK | Z57: OK
A58: 4000333 | B58: 3300_3001 | C58: 3300 | D58: Z1 | E58: 301 | F58: 0 | G58: 60 | H58: FX | I58: YB | J58: 120 | M58: D | N58: 0 | O58: HAUHIL | P58: 46057 | Q58: 0.32908565 | R58: 0 | T58: 1,00 | U58: X | V58: 1 | W58: C | X58: Y | Y58: OK | Z58: OK
A59: 4000334 | B59: 3300_3001 | C59: 3300 | D59: Z1 | E59: 301 | F59: 0 | G59: 60 | H59: FX | I59: YB | J59: 30 | M59: D | N59: 5 | O59: THOJEN | P59: 46036 | Q59: 0.42037037 | R59: 36277CA1D60A1EDC87A6970BA4457147 | S59: DYTyeTOA7jo7ffSBf4LnHm | T59: 1,00 | U59: X | V59: 1 | W59: C | X59: Y | Y59: OK | Z59: OK
A60: 4000340 | B60: 3300_3001 | C60: 3300 | D60: Z1 | E60: 301 | F60: 0 | G60: 200 | H60: FX | I60: YB | J60: 300 | M60: D | N60: 5 | O60: THOJEN | P60: 46036 | Q60: 0.42037037 | R60: 36277CA1D60A1EDC87A6970BA4461147 | S60: DYTyeTOA7jo7ffSBf4OHHm | T60: 1,00 | U60: X | V60: 1 | W60: C | X60: Y | Y60: OK | Z60: OK
A61: 4000341 | B61: 3300_3001 | C61: 3300 | D61: Z1 | E61: 301 | F61: 0 | G61: 600 | H61: FX | I61: ZI | J61: 300 | M61: D | N61: 0 | O61: HAUHIL | P61: 46042 | Q61: 0.3940625 | R61: 0 | T61: 1,00 | U61: X | V61: 1 | W61: C | X61: X | Y61: OK | Z61: OK
A62: 4000342 | B62: 3300_3001 | C62: 3300 | D62: Z1 | E62: 301 | F62: 0 | G62: 350 | H62: FX | I62: YB | J62: 300 | M62: D | N62: 0 | O62: HAUHIL | P62: 46070 | Q62: 0.43670139 | R62: 36277CA1D60A1EDC87A6970BA447F147 | S62: DYTyeTOA7jo7ffSBf4VnHm | T62: 1,00 | U62: X | V62: 1 | W62: C | X62: Y | Y62: OK | Z62: OK
A63: 4000343 | B63: 3300_3001 | C63: 3300 | D63: Z1 | E63: 301 | F63: 0 | G63: 200 | H63: FX | I63: YB | J63: 200 | M63: D | N63: 5 | O63: THOJEN | P63: 46036 | Q63: 0.42037037 | R63: 0 | T63: 1,00 | U63: X | V63: 1 | W63: C | X63: Z | Y63: OK | Z63: OK
A64: 4000396 | B64: 3300_3001 | C64: 3300 | D64: Z1 | E64: 301 | F64: 0 | G64: 600 | H64: FX | I64: ZI | J64: 600 | M64: D | N64: 0 | O64: ERLI | P64: 45251 | Q64: 0.33494213 | R64: 0 | U64: X | V64: 1 | W64: A | X64: X | Y64: OK | Z64: OK
A65: 4000403 | B65: 3300_3001 | C65: 3300 | D65: Z1 | E65: 301 | F65: 0 | G65: 1100 | H65: FX | I65: 20 | J65: 600 | M65: D | N65: 5 | O65: TOVKVA | P65: 44705 | Q65: 0.41201389 | R65: 36277CA1D60A1EDC87A6970BA44A7147 | S65: DYTyeTOA7jo7ffSBf4fnHm | T65: 1,00 | U65: X | V65: 1 | W65: C | X65: X | Y65: OK | Z65: OK
A66: 4000406 | B66: 3300_3001 | C66: 3300 | D66: Z1 | E66: 301 | F66: 0 | G66: 700 | H66: FX | I66: YB | J66: 3600 | M66: D | N66: 0 | O66: HAUHIL | P66: 45708 | Q66: 0.28543981 | R66: 36277CA1D60A1EDC87A6970BA44BB147 | S66: DYTyeTOA7jo7ffSBf4knHm | U66: X | V66: 1 | W66: A | X66: X | Y66: OK | Z66: OK
A67: 4000411 | B67: 3300_3001 | C67: 3300 | D67: Z1 | E67: 301 | F67: 0 | G67: 12 | H67: FX | I67: 20 | J67: 4 | M67: D | N67: 5 | O67: TOVKVA | P67: 45033 | Q67: 0.90956019 | R67: 36277CA1D60A1EDC87A6970BA44D9147 | S67: DYTyeTOA7jo7ffSBf4sHHm | T67: 1,00 | U67: X | V67: 1 | W67: C | X67: Z | Y67: OK | Z67: OK
A68: 4000412 | B68: 3300_3001 | C68: 3300 | D68: Z1 | E68: 301 | F68: 0 | G68: 15 | H68: FX | I68: 20 | J68: 6 | M68: D | N68: 5 | O68: HAUHIL | P68: 45937 | Q68: 0.41347222 | R68: 36277CA1D60A1EDC87A6970BA44E3147 | S68: DYTyeTOA7jo7ffSBf4unHm | T68: 1,00 | U68: X | V68: 1 | W68: C | X68: X | Y68: OK | Z68: OK
A69: 4000413 | B69: 3300_3001 | C69: 3300 | D69: Z1 | E69: 301 | F69: 0 | G69: 12 | H69: FX | I69: 20 | J69: 4 | M69: D | N69: 5 | O69: ARTJUZ | P69: 44820 | Q69: 0.4065625 | R69: 0 | T69: 1,00 | U69: X | V69: 1 | W69: C | Y69: OK | Z69: MANGLER
A70: 4000414 | B70: 3300_3001 | C70: 3300 | D70: Z1 | E70: 301 | F70: 0 | G70: 10 | H70: FX | I70: 20 | J70: 4 | M70: D | N70: 5 | O70: HAUHIL | P70: 45637 | Q70: 0.57341435 | R70: 36277CA1D60A1EDC87A6973180D51147 | S70: DYTyeTOA7jo7ffSnWDKHHm | T70: 1,00 | U70: X | V70: 1 | W70: C | X70: X | Y70: OK | Z70: OK
A71: 4000415 | B71: 3300_3001 | C71: 3300 | D71: Z1 | E71: 301 | F71: 0 | G71: 9 | H71: FX | I71: 20 | J71: 4 | M71: D | N71: 5 | O71: ERLI | P71: 45638 | Q71: 0.32125 | R71: 36277CA1D60A1EDC87A6973180D65147 | S71: DYTyeTOA7jo7ffSnWDPHHm | T71: 1,00 | U71: X | V71: 1 | W71: C | Y71: OK | Z71: MANGLER
A72: 4000416 | B72: 3300_3001 | C72: 3300 | D72: Z1 | E72: 301 | F72: 0 | G72: 2617 | H72: FX | I72: 20 | J72: 1200 | M72: D | N72: 5 | O72: LINHAL | P72: 44522 | Q72: 0.56109954 | R72: 0 | T72: 1,00 | U72: X | V72: 1 | W72: C | Y72: OK | Z72: MANGLER
A73: 4000418 | B73: 3300_3001 | C73: 3300 | D73: Z1 | E73: 301 | F73: 0 | G73: 600 | H73: FX | I73: 20 | J73: 1200 | M73: D | N73: 5 | O73: ARTJUZ | P73: 44727 | Q73: 0.36238426 | R73: 36277CA1D60A1EDC87A6973180D6F147 | S73: DYTyeTOA7jo7ffSnWDRnHm | T73: 1,00 | U73: X | V73: 1 | W73: C | Y73: OK | Z73: MANGLER
A74: 4000419 | B74: 3300_3001 | C74: 3300 | D74: Z1 | E74: 301 | F74: 0 | G74: 1800 | H74: FX | I74: 20 | J74: 1800 | M74: D | N74: 5 | O74: ARTJUZ | P74: 44799 | Q74: 0.44453704 | R74: 36277CA1D60A1EDC87A6973180D79147 | S74: DYTyeTOA7jo7ffSnWDUHHm | T74: 1,00 | U74: X | V74: 1 | W74: C | Y74: OK | Z74: MANGLER
A75: 4000420 | B75: 3300_3001 | C75: 3300 | D75: Z1 | E75: 301 | F75: 0 | G75: 2500 | H75: FX | I75: 20 | J75: 3000 | M75: D | N75: 5 | O75: TOVKVA | P75: 45033 | Q75: 0.90857639 | R75: 0 | T75: 1,00 | U75: X | V75: 1 | W75: C | X75: Z | Y75: OK | Z75: OK
A76: 4000427 | B76: 3300_3001 | C76: 3300 | D76: Z1 | E76: 301 | F76: 0 | G76: 300 | H76: FX | I76: YB | J76: 1200 | M76: D | N76: 5 | O76: HAUHIL | P76: 45924 | Q76: 0.53609954 | R76: 36277CA1D60A1EDC87A6973180D83147 | S76: DYTyeTOA7jo7ffSnWDWnHm | T76: 1,00 | U76: X | V76: 1 | W76: C | X76: Y | Y76: OK | Z76: OK
A77: 4000428 | B77: 3300_3001 | C77: 3300 | D77: Z1 | E77: 301 | F77: 0 | G77: 1600 | H77: FX | I77: YB | J77: 2400 | M77: D | N77: 0 | O77: HAUHIL | P77: 45930 | Q77: 0.36125 | R77: 0 | U77: X | V77: 1 | W77: B | X77: Y | Y77: OK | Z77: OK
A78: 4000430 | B78: 3300_3001 | C78: 3300 | D78: ND | E78: 301 | F78: 0 | G78: 15000 | H78: FX | I78: ZJ | J78: 36000 | M78: D | N78: 0 | O78: HAUHIL | P78: 45238 | Q78: 0.43017361 | R78: 36277CA1D60A1EDC87A6973180D97147 | S78: DYTyeTOA7jo7ffSnWDbnHm | U78: X | V78: 1 | W78: A | X78: Y | Y78: OK | Z78: OK
A79: 4000432 | B79: 3300_3001 | C79: 3300 | D79: Z1 | E79: 301 | F79: 0 | G79: 1500 | H79: FX | I79: ZI | J79: 1200 | M79: D | N79: 0 | O79: HAUHIL | P79: 45238 | Q79: 0.43074074 | R79: 36277CA1D60A1EDC87A6973180DA1147 | S79: DYTyeTOA7jo7ffSnWDeHHm | U79: X | V79: 1 | W79: B | X79: Y | Y79: OK | Z79: OK
A80: 4000434 | B80: 3300_3001 | C80: 3300 | D80: Z1 | E80: 301 | F80: 0 | G80: 1200 | H80: FX | I80: YB | J80: 1200 | M80: D | N80: 0 | O80: HAUHIL | P80: 45930 | Q80: 0.38109954 | R80: 0 | U80: X | V80: 1 | W80: A | X80: Y | Y80: OK | Z80: OK
A81: 4000435 | B81: 3300_3001 | C81: 3300 | D81: Z1 | E81: 301 | F81: 0 | G81: 1800 | H81: FX | I81: YB | J81: 1200 | M81: D | N81: 0 | O81: HAUHIL | P81: 45930 | Q81: 0.38398148 | R81: 0 | U81: X | V81: 1 | W81: B | X81: Y | Y81: OK | Z81: OK
A82: 4000441 | B82: 3300_3001 | C82: 3300 | D82: Z1 | E82: 301 | F82: 0 | G82: 360 | H82: FX | I82: ZI | J82: 360 | M82: D | N82: 0 | O82: ABKJ | P82: 45905 | Q82: 0.32548611 | R82: 0 | U82: X | V82: 1 | W82: B | X82: Y | Y82: OK | Z82: OK
A83: 4000442 | B83: 3300_3001 | C83: 3300 | D83: Z1 | E83: 301 | F83: 0 | G83: 10000 | H83: FX | I83: ZI | J83: 10800 | M83: D | N83: 0 | O83: HAUHIL | P83: 45238 | Q83: 0.43446759 | R83: 0 | U83: X | V83: 1 | W83: A | X83: Y | Y83: OK | Z83: OK
A84: 4000443 | B84: 3300_3001 | C84: 3300 | D84: Z1 | E84: 301 | F84: 0 | G84: 5120 | H84: FX | I84: YB | J84: 3120 | M84: D | N84: 0 | O84: HAUHIL | P84: 46007 | Q84: 0.32665509 | R84: 0 | U84: X | V84: 1 | W84: A | X84: X | Y84: OK | Z84: OK
A85: 4000445 | B85: 3300_3001 | C85: 3300 | D85: Z1 | E85: 301 | F85: 0 | G85: 6000 | H85: FX | I85: YB | J85: 5400 | M85: D | N85: 0 | O85: HAUHIL | P85: 45679 | Q85: 0.2871412 | R85: 0 | U85: X | V85: 1 | W85: B | X85: X | Y85: OK | Z85: OK
A86: 4000447 | B86: 3300_3001 | C86: 3300 | D86: Z1 | E86: 301 | F86: 0 | G86: 9600 | H86: FX | I86: YB | J86: 5000 | M86: D | N86: 0 | O86: HAUHIL | P86: 45631 | Q86: 0.29274306 | R86: 0 | U86: X | V86: 1 | W86: B | X86: Y | Y86: OK | Z86: OK
A87: 4000449 | B87: 3300_3001 | C87: 3300 | D87: Z1 | E87: 301 | F87: 0 | G87: 4000 | H87: FX | I87: YB | J87: 6000 | M87: D | N87: 0 | O87: ABKJ | P87: 45971 | Q87: 0.56633102 | R87: 36277CA1D60A1EDC87A6973180E4B147 | S87: DYTyeTOA7jo7ffSnWEInHm | U87: X | V87: 1 | W87: B | X87: X | Y87: OK | Z87: OK
A88: 4000452 | B88: 3300_3001 | C88: 3300 | D88: Z1 | E88: 301 | F88: 0 | G88: 800 | H88: FX | I88: ZI | J88: 900 | M88: D | N88: 0 | O88: HAUHIL | P88: 46042 | Q88: 0.39934028 | R88: 36277CA1D60A1EDC87A6973180E5F147 | S88: DYTyeTOA7jo7ffSnWENnHm | U88: X | V88: 1 | W88: C | X88: X | Y88: OK | Z88: OK
A89: 4000455 | B89: 3300_3001 | C89: 3300 | D89: Z1 | E89: 301 | F89: 0 | G89: 136 | H89: FX | I89: 20 | J89: 80 | M89: D | N89: 5 | O89: LINHAL | P89: 44522 | Q89: 0.56108796 | R89: 36277CA1D60A1EDC87A6973180E73147 | S89: DYTyeTOA7jo7ffSnWESnHm | T89: 1,00 | U89: X | V89: 1 | W89: C | Y89: OK | Z89: MANGLER
A90: 4000457 | B90: 3300_3001 | C90: 3300 | D90: Z1 | E90: 301 | F90: 0 | G90: 150 | H90: FX | I90: YB | J90: 100 | M90: D | N90: 5 | O90: THOJEN | P90: 46036 | Q90: 0.42038194 | R90: 36277CA1D60A1EDC87A6973180E7D147 | S90: DYTyeTOA7jo7ffSnWEVHHm | T90: 1,00 | U90: X | V90: 1 | W90: C | Y90: OK | Z90: MANGLER
A91: 4000493 | B91: 3300_3001 | C91: 3300 | D91: ND | E91: 301 | F91: 0 | G91: 70 | H91: FX | I91: 20 | J91: 60 | K91: X | M91: D | N91: 0 | O91: KOVE | P91: 44496 | Q91: 0.53251157 | R91: 36277CA1D60A1EDC87A6973180E87147 | S91: DYTyeTOA7jo7ffSnWEXnHm | W91: C | Y91: OK | Z91: MANGLER
A92: 4000740 | B92: 3300_3001 | C92: 3300 | D92: Z1 | E92: 301 | F92: 0 | G92: 200 | H92: FX | I92: 20 | J92: 100 | M92: D | N92: 5 | O92: HAUHIL | P92: 45874 | Q92: 0.5049537 | R92: 0 | T92: 1,00 | U92: X | V92: 1 | W92: C | X92: Z | Y92: OK | Z92: OK
A93: 4000755 | B93: 3300_3001 | C93: 3300 | D93: Z1 | E93: 301 | F93: 0 | G93: 600 | H93: FX | I93: ZI | J93: 1200 | M93: D | N93: 0 | O93: HAUHIL | P93: 46042 | Q93: 0.39981481 | R93: 0 | U93: X | V93: 1 | W93: C | X93: X | Y93: OK | Z93: OK
A94: 4000758 | B94: 3300_3001 | C94: 3300 | D94: Z1 | E94: 301 | F94: 0 | G94: 100 | H94: FX | I94: YB | J94: 140 | M94: D | N94: 5 | O94: HAUHIL | P94: 45924 | Q94: 0.51994213 | R94: 36277CA1D60A1EDC87A69757A4A29147 | S94: DYTyeTOA7jo7ffTNfAAHHm | T94: 1,00 | U94: X | V94: 1 | W94: C | Y94: OK | Z94: MANGLER
A95: 4000759 | B95: 3300_3001 | C95: 3300 | D95: Z1 | E95: 301 | F95: 0 | G95: 50 | H95: FX | I95: YB | J95: 80 | M95: D | N95: 5 | O95: HAUHIL | P95: 45924 | Q95: 0.37579861 | R95: 36277CA1D60A1EDC87A69757A4A33147 | S95: DYTyeTOA7jo7ffTNfACnHm | T95: 1,00 | U95: X | V95: 1 | W95: C | Y95: OK | Z95: MANGLER
A96: 4000760 | B96: 3300_3001 | C96: 3300 | D96: Z1 | E96: 301 | F96: 0 | G96: 30 | H96: FX | I96: YB | J96: 70 | M96: D | N96: 5 | O96: HAUHIL | P96: 45924 | Q96: 0.37086806 | R96: 36277CA1D60A1EDC87A69757A4A3D147 | S96: DYTyeTOA7jo7ffTNfAFHHm | T96: 1,00 | U96: X | V96: 1 | W96: C | Y96: OK | Z96: MANGLER
A97: 4000761 | B97: 3300_3001 | C97: 3300 | D97: Z1 | E97: 301 | F97: 0 | G97: 219 | H97: FX | I97: 20 | J97: 100 | M97: D | N97: 5 | O97: LINHAL | P97: 44522 | Q97: 0.56097222 | R97: 0 | T97: 1,00 | U97: X | V97: 1 | W97: C | Y97: OK | Z97: MANGLER
A98: 4000763 | B98: 3300_3001 | C98: 3300 | D98: Z1 | E98: 301 | F98: 0 | G98: 30 | H98: FX | I98: YB | J98: 20 | M98: D | N98: 5 | O98: ABKJ | P98: 45911 | Q98: 0.516875 | R98: 0 | T98: 1,00 | U98: X | V98: 1 | W98: C | Y98: OK | Z98: MANGLER
A99: 4000764 | B99: 3300_3001 | C99: 3300 | D99: Z1 | E99: 301 | F99: 0 | G99: 20 | H99: FX | I99: YB | J99: 15 | M99: D | N99: 0 | O99: HAUHIL | P99: 45930 | Q99: 0.41844907 | R99: 36277CA1D60A1EDC87A69757A4A5B147 | S99: DYTyeTOA7jo7ffTNfAMnHm | T99: 1,00 | U99: X | V99: 1 | W99: C | Y99: OK | Z99: MANGLER
A100: 4000765 | B100: 3300_3001 | C100: 3300 | D100: Z1 | E100: 301 | F100: 0 | G100: 20 | H100: FX | I100: 20 | J100: 20 | M100: D | N100: 5 | O100: ERLI | P100: 45684 | Q100: 0.59717593 | R100: 0 | T100: 1,00 | U100: X | V100: 1 | W100: C | Y100: OK | Z100: MANGLER
A101: 4000766 | B101: 3300_3001 | C101: 3300 | D101: Z1 | E101: 301 | F101: 0 | G101: 50 | H101: FX | I101: YB | J101: 100 | M101: D | N101: 0 | O101: HAUHIL | P101: 45924 | Q101: 0.3925 | R101: 0 | T101: 1,00 | U101: X | V101: 1 | W101: C | X101: X | Y101: OK | Z101: OK
A102: 4000767 | B102: 3300_3001 | C102: 3300 | D102: Z1 | E102: 301 | F102: 0 | G102: 200 | H102: FX | I102: YB | J102: 100 | M102: D | N102: 0 | O102: HAUHIL | P102: 45959 | Q102: 0.32342593 | R102: 36277CA1D60A1EDC87A69757A4A79147 | S102: DYTyeTOA7jo7ffTNfAUHHm | T102: 1,00 | U102: X | V102: 1 | W102: B | X102: X | Y102: OK | Z102: OK
...

Sheet MARA
A1: 🟢 MARA
A3: Totalt antall rader | B3: 1006
A4: Unike MATNR | B4: 1006
A5: Unike materialtyper (MTART) | B5: 1
A6: Unike varegrupper (MATKL) | B6: {=SUMPRODUCT(1/COUNTIF(C11:C1016,C11:C1016))} -> 90
A7: Vanligste enhet (MEINS) | B7: STK
A8: Andel STK | B8: =COUNTIF(D11:D1016,"STK")/COUNTA(D11:D1016) -> 0.85387674
A10: MATNR | B10: MTART | C10: MATKL | D10: MEINS
A11: 4000005 | B11: ZHAW | C11: 10080301 | D11: STK
A12: 4000009 | B12: ZHAW | C12: 10080301 | D12: PSE
A13: 4000014 | B13: ZHAW | C13: 10050505 | D13: STK
A14: 4000023 | B14: ZHAW | C14: 10080401 | D14: STK
A15: 4000024 | B15: ZHAW | C15: 10080401 | D15: STK
A16: 4000027 | B16: ZHAW | C16: 10080401 | D16: STK
A17: 4000032 | B17: ZHAW | C17: 10020403 | D17: PSE
A18: 4000060 | B18: ZHAW | C18: 10050103 | D18: STK
A19: 4000061 | B19: ZHAW | C19: 10050103 | D19: STK
A20: 4000062 | B20: ZHAW | C20: 10050103 | D20: STK
A21: 4000063 | B21: ZHAW | C21: 10050103 | D21: STK
A22: 4000065 | B22: ZHAW | C22: 10050103 | D22: STK
... A1016: 4049385 | B1016: ZHAW | C1016: 10050103 | D1016: STK

Sheet MAKT
A1: 🟢 MAKT
A3: Totalt antall rader | B3: =COUNTA(A11:A1016) -> 1006
A4: Unike materialnr (MATNR) | B4: =COUNTA(A11:A1016) -> 1006
A5: Gjennomsnittlig beskrivelseslengde | B5: {=AVERAGE(LEN(B11:B1016))} -> 32.207753
A6: Materialer uten beskrivelse | B6: =COUNTBLANK(B11:B1016) -> 0
A7: Lengste beskrivelse (tegn) | B7: {=MAX(LEN(B11:B1016))} -> 40
A8: Korteste beskrivelse (tegn) | B8: {=MIN(LEN(B11:B1016))} -> 12
A10: Material | B10: Materialbeskrivelse
A11: 4000005 | B11: Filter steril Diasafe Plus
A12: 4000009 | B12: Bikarbonatpulver til 5008 900g
A13: 4000014 | B13: Forstøverbeger medikament m/munnstykke
A14: 4000023 | B14: Ernæringssett Infinity pack
A15: 4000024 | B15: Ernæringssett Flocare Infin mobil
A16: 4000027 | B16: Sonde ernæring ENFit Ch6/60cm
A17: 4000032 | B17: Væske infu NaCl 9mg/ml pose 500ml
A18: 4000060 | B18: Kran 3-veis luerlock u/slange
A19: 4000061 | B19: Kran 3-veis m/slange 10cm
A20: 4000062 | B20: Kran 3-veis m/slange 100cm
A21: 4000063 | B21: Infusett m/lufting 180cm
... A1016: 4049385 | B1016: Ventil Nålfri enkel BD

Sheet MARC
A1: 🔴 MARC
A3: Totalt antall MATNR | B3: 871
A4: Unike MATNR (etter dedup) | B4: 871
A5: MATNR m/blank ABC-indikator | B5: 168
A6: ABC dekningsprosent | B6: =COUNTA(B11:B881)/COUNTA(A11:A881) -> 0.80711825
A7: Vanligste ABC-klasse | B7: C
A8: Manglende kolonner | B8: EISBE, MINBE, MABST
A10: MATNR | B10: ABC-indikator
A11: 4000005 | B11: C
A12: 4000009
A13: 4000014 | B13: C
A14: 4000023
A15: 4000024
A16: 4000027 | B16: C
A17: 4000060 | B17: C
A18: 4000061 | B18: B
A19: 4000062 | B19: C
A20: 4000063 | B20: A
A21: 4000065 | B21: A
A22: 4000066 | B22: C
A23: 4000067 | B23: C
A24: 4000069 | B24: B
A25: 4000072 | B25: C
A26: 4000077 | B26: C
A27: 4000078 | B27: C
... A163: 4001130 | B163: C
A164: 4001133
A165: 4001134
A166: 4001135
A167: 4001136
A168: 4001137
A169: 4001138 | B169: C
A170: 4001160 | B170: C
A171: 4001161
A172: 4001194 | B172: C
A173: 4001207 | B173: C
A174: 4001208 | B174: C
A175: 4001211 | B175: C
A176: 4001215 | B176: C
A177: 4001216 | B177: C
A178: 4001221 | B178: C
A179: 4001225 | B179: C
A180: 4001233 | B180: C
A181: 4001237 | B181: C
A182: 4001241 | B182: C
A183: 4001257 | B183: C
... A254: 4001403 | B254: C
A255: 4001449
A256: 4001451 | B256: C
A257: 4001458
A258: 4001459 | B258: C
A259: 4001461 | B259: C
A260: 4001523 | B260: C
A261: 4001524 | B261: C
A262: 4001551 | B262: C
A263: 4001562 | B263: C
A264: 4001572 | B264: C
A265: 4001573 | B265: C
A266: 4001574 | B266: C
A267: 4001576 | B267: B
A268: 4001609 | B268: C
A269: 4001630 | B269: C
... A285: 4002332 | B285: B
A286: 4002333
A287: 4002335 | B287: C
A288: 4002344 | B288: C
A289: 4002345 | B289: B
A290: 4002416 | B290: C
A291: 4002446 | B291: C
A292: 4002462 | B292: C
A293: 4002465 | B293: C
A294: 4002466 | B294: C
A295: 4002467 | B295: C
A296: 4002468 | B296: C
A297: 4002472 | B297: B
A298: 4002475 | B298: C
... A317: 4002709 | B317: C
A318: 4002737
A319: 4002738
A320: 4002739
A321: 4002740
A322: 4002741
A323: 4002742
A324: 4002743
A325: 4002745
A326: 4002809 | B326: A
A327: 4002847 | B327: C
A328: 4002874 | B328: C
A329: 4002898 | B329: C
A330: 4002899 | B330: C
A331: 4002985
A332: 4003002 | B332: C
A333: 4003004 | B333: C
A334: 4003005 | B334: C
A335: 4003006 | B335: C
A336: 4003008 | B336: C
A337: 4003208
A338: 4003238 | B338: C
A339: 4003241
A340: 4003273 | B340: C
...

Sheet MBEW
A1: 🟢 MBEW
A3: Totalt antall materialer | B3: =COUNTA(A11:A881) -> 871
A4: Gjennomsnittspris (UNIT_PRICE) | B4: =AVERAGE(B11:B881) -> 429.34199
A5: Medianpris | B5: =MEDIAN(B11:B881) -> 16.94
A6: Maks pris | B6: =MAX(B11:B881) -> 119438.31
A7: Min pris (> 0) | B7: =_xlfn.MINIFS(B11:B881,B11:B881,">0") -> 0.0001
A8: Andel V-priser (bevegelig gj.sn.) | B8: =COUNTIF(C11:C881,"V")/COUNTA(C11:C881) -> 0.95407577
A10: MATNR | B10: UNIT_PRICE | C10: VPRSV | D10: PEINH | E10: PRIS_STATUS
A11: 4000005 | B11: 2064.73 | C11: V | D11: 1
A12: 4000009 | B12: 79.89 | C12: V | D12: 1
A13: 4000014 | B13: 10.25 | C13: V | D13: 1
A14: 4000023 | B14: 23.41 | C14: V | D14: 1
A15: 4000024 | B15: 22.39 | C15: V | D15: 1
A16: 4000027 | B16: 39.69 | C16: V | D16: 1
A17: 4000060 | B17: 2.77 | C17: V | D17: 1
A18: 4000061 | B18: 4.26 | C18: V | D18: 1
A19: 4000062 | B19: 7.48 | C19: V | D19: 1
A20: 4000063 | B20: 4.91 | C20: V | D20: 1
A21: 4000065 | B21: 0.2602 | C21: V | D21: 100
A22: 4000066 | B22: 6.9 | C22: V | D22: 1
... A362: 4003916 | B362: 12.78 | C362: V | D362: 1
A363: 4003922 | B363: 0 | C363: V | D363: 1 | E363: EKSKLUDER
A364: 4004010 | B364: 0.01 | C364: S | D364: 1
A365: 4004015 | B365: 0.7613 | C365: V | D365: 100
A366: 4004018 | B366: 0.01 | C366: S | D366: 1
A367: 4004037 | B367: 31.21 | C367: V | D367: 1
A368: 4004039 | B368: 3.07 | C368: V | D368: 1
A369: 4004041 | B369: 7.2 | C369: V | D369: 1
A370: 4004049 | B370: 1.2229 | C370: V | D370: 100
A371: 4004054 | B371: 9.51 | C371: V | D371: 1
A372: 4004067 | B372: 185 | C372: V | D372: 1
A373: 4004068 | B373: 88 | C373: V | D373: 1
A374: 4004070 | B374: 18.84 | C374: V | D374: 1
A375: 4004071 | B375: 51.48 | C375: V | D375: 1
... A881: 4049360 | B881: 2.6402 | C881: V | D881: 100

Sheet MSEG
A1: 🟢 MSEG
A3: Totalt antall materialer | B3: =COUNTA(A11:A732) -> 722
A4: Aktive måneder (snitt) | B4: =AVERAGE(Z11:Z732) -> 49793.706
A5: Total forbruk (alle MATNR) | B5: =SUM(Y11:Y732) -> 1564115
A6: Gjennomsnittlig CV | B6: =AVERAGE(AA11:AA732) -> 19.695291
A7: Antall med CV > 1.0 (ustabil) | B7: =COUNTIF(AA11:AA732,">1") -> 709
A8: Antall med STATUS 'INAKTIV' | B8: =COUNTIF(AB11:AB732,"*INAKTIV*") -> 0
A10: MATNR | B10: 2024-01 | C10: 2024-02 | D10: 2024-03 | E10: 2024-04 | F10: 2024-05 | G10: 2024-06 | H10: 2024-07 | I10: 2024-08 | J10: 2024-09 | K10: 2024-10 | L10: 2024-11 | M10: 2024-12 | N10: 2025-01 | O10: 2025-02 | P10: 2025-03 | Q10: 2025-04 | R10: 2025-05 | S10: 2025-06 | T10: 2025-07 | U10: 2025-08 | V10: 2025-09 | W10: 2025-10 | X10: 2025-11 | Y10: 2025-12 | Z10: TOTAL | AA10: ACTIVE_MONTHS | AB10: CV | AC10: STATUS
A11: 4000005 | B11: 0 | C11: 0 | D11: 0 | E11: 0 | F11: 0 | G11: 0 | H11: 0 | I11: 0 | J11: 50 | K11: 60 | L11: 34 | M11: 60 | N11: 30 | O11: 50 | P11: 24 | Q11: 70 | R11: 8 | S11: 60 | T11: 60 | U11: 10 | V11: 30 | W11: 20 | X11: 10 | Y11: 78 | Z11: 654 | AA11: 16 | AB11: 0.9697
A12: 4000014 | B12: 1512 | C12: 1162 | D12: 1184 | E12: 999 | F12: 1347 | G12: 897 | H12: 1131 | I12: 958 | J12: 1409 | K12: 1333 | L12: 1347 | M12: 1236 | N12: 1489 | O12: 1566 | P12: 1470 | Q12: 1211 | R12: 1040 | S12: 972 | T12: 975 | U12: 1090 | V12: 1242 | W12: 1434 | X12: 1185 | Y12: 1438 | Z12: 29627 | AA12: 24 | AB12: 0.1583
A13: 4000023 | B13: 840 | C13: 930 | D13: 1050 | E13: 820 | F13: 640 | G13: 780 | H13: 1000 | I13: 930 | J13: 900 | K13: 995 | L13: 1095 | M13: 1100 | N13: 1050 | O13: 1370 | P13: 1400 | Q13: 1120 | R13: 1020 | S13: 1010 | T13: 995 | U13: 930 | V13: 1260 | W13: 1110 | X13: 820 | Y13: 1140 | Z13: 24305 | AA13: 24 | AB13: 0.1716
A14: 4000024 | B14: 300 | C14: 30 | D14: 60 | E14: 120 | F14: 750 | G14: 1530 | H14: 1170 | I14: 540 | J14: 120 | K14: 60 | L14: 1590 | M14: 90 | N14: 60 | O14: 60 | P14: 120 | Q14: 780 | R14: 210 | S14: 570 | T14: 1170 | U14: 540 | V14: 90 | W14: 2280 | X14: 30 | Y14: 630 | Z14: 12900 | AA14: 24 | AB14: 1.1109
A15: 4000027 | B15: 28 | C15: 44 | D15: 52 | E15: 28 | F15: 0 | G15: 24 | H15: 4 | I15: 44 | J15: 4 | K15: 34 | L15: 4 | M15: 39 | N15: 24 | O15: 48 | P15: 64 | Q15: 20 | R15: 14 | S15: 24 | T15: 20 | U15: 30 | V15: 4 | W15: 22 | X15: 10 | Y15: 10 | Z15: 595 | AA15: 23 | AB15: 0.681
A16: 4000060 | B16: 5200 | C16: 5400 | D16: 4000 | E16: 6100 | F16: 4700 | G16: 4600 | H16: 4050 | I16: 4100 | J16: 5600 | K16: 4400 | L16: 5600 | M16: 4400 | N16: 4600 | O16: 5900 | P16: 4500 | Q16: 5100 | R16: 5100 | S16: 4500 | T16: 4500 | U16: 5000 | V16: 6800 | W16: 4400 | X16: 5400 | Y16: 4600 | Z16: 118550 | AA16: 24 | AB16: 0.1394
A17: 4000061 | B17: 12350 | C17: 12500 | D17: 11400 | E17: 13300 | F17: 13150 | G17: 11200 | H17: 10250 | I17: 11500 | J17: 12850 | K17: 12900 | L17: 13700 | M17: 12700 | N17: 13700 | O17: 13700 | P17: 12850 | Q17: 12950 | R17: 12150 | S17: 12150 | T17: 10950 | U17: 11900 | V17: 14550 | W17: 13400 | X17: 12550 | Y17: 14350 | Z17: 303000 | AA17: 24 | AB17: 0.0826
A18: 4000065 | B18: 93100 | C18: 91900 | D18: 84400 | E18: 81500 | F18: 79900 | G18: 71000 | H18: 75600 | I18: 77500 | J18: 86700 | K18: 80200 | L18: 86200 | M18: 87100 | N18: 82500 | O18: 82600 | P18: 78020 | Q18: 81900 | R18: 83002 | S18: 72000 | T18: 63100 | U18: 76300 | V18: 88900 | W18: 95100 | X18: 76300 | Y18: 89500 | Z18: 1964322 | AA18: 24 | AB18: 0.0898
A19: 4000066 | B19: 225 | C19: 350 | D19: 375 | E19: 150 | F19: 200 | G19: 325 | H19: 75 | I19: 25 | J19: 200 | K19: 250 | L19: 375 | M19: 125 | N19: 250 | O19: 300 | P19: 75 | Q19: 200 | R19: 150 | S19: 300 | T19: 100 | U19: 125 | V19: 200 | W19: 350 | X19: 350 | Y19: 200 | Z19: 5275 | AA19: 24 | AB19: 0.4632
A20: 4000067 | B20: 0 | C20: 150 | D20: 100 | E20: 25 | F20: 100 | G20: 250 | H20: 100 | I20: 50 | J20: 25 | K20: 75 | L20: 100 | M20: 75 | N20: 125 | O20: 125 | P20: 25 | Q20: 0 | R20: 25 | S20: 200 | T20: 25 | U20: 25 | V20: 50 | W20: 100 | X20: 125 | Y20: 0 | Z20: 1875 | AA20: 21 | AB20: 0.807
A21: 4000072 | B21: 1744 | C21: 1898 | D21: 2000 | E21: 1592 | F21: 1405 | G21: 1413 | H21: 1230 | I21: 1922 | J21: 1646 | K21: 1396 | L21: 1615 | M21: 1394 | N21: 1406 | O21: 1578 | P21: 1640 | Q21: 1570 | R21: 1654 | S21: 1474 | T21: 859 | U21: 1380 | V21: 1957 | W21: 1856 | X21: 1156 | Y21: 1226 | Z21: 37011 | AA21: 24 | AB21: 0.1764
A22: 4000077 | B22: 700 | C22: 860 | D22: 400 | E22: 1025 | F22: 1125 | G22: 625 | H22: 1000 | I22: 695 | J22: 775 | K22: 875 | L22: 725 | M22: 850 | N22: 615 | O22: 1075 | P22: 1100 | Q22: 775 | R22: 951 | S22: 1160 | T22: 575 | U22: 807 | V22: 1325 | W22: 725 | X22: 1150 | Y22: 1060 | Z22: 20973 | AA22: 24 | AB22: 0.2526
... A83: 4000455 | B83: 0 | C83: 10 | D83: 0 | E83: 10 | F83: 0 | G83: 20 | H83: 10 | I83: 0 | J83: 0 | K83: 0 | L83: 10 | M83: 10 | N83: 0 | O83: 0 | P83: 20 | Q83: 0 | R83: 10 | S83: 10 | T83: 0 | U83: 20 | V83: 0 | W83: 10 | X83: 10 | Y83: 0 | Z83: 150 | AA83: 12 | AB83: 1.1136
A84: 4000457 | B84: 0 | C84: 0 | D84: 0 | E84: 0 | F84: 0 | G84: 0 | H84: 0 | I84: 0 | J84: 0 | K84: 0 | L84: 100 | M84: 150 | N84: 110 | O84: 0 | P84: 0 | Q84: 0 | R84: 100 | S84: 0 | T84: 0 | U84: 0 | V84: 0 | W84: 0 | X84: 0 | Y84: 0 | Z84: 460 | AA84: 4 | AB84: 2.2788 | AC84: NY_ARTIKKEL
A85: 4000740 | B85: 123 | C85: 152 | D85: 153 | E85: 102 | F85: 77 | G85: 198 | H85: 89 | I85: 132 | J85: 150 | K85: 144 | L85: 128 | M85: 152 | N85: 128 | O85: 167 | P85: 143 | Q85: 138 | R85: 142 | S85: 169 | T85: 105 | U85: 162 | V85: 186 | W85: 136 | X85: 152 | Y85: 214 | Z85: 3442 | AA85: 24 | AB85: 0.2175
A86: 4000755 | B86: 5400 | C86: 3800 | D86: 4800 | E86: 5000 | F86: 4600 | G86: 4200 | H86: 3000 | I86: 3600 | J86: 4200 | K86: 4800 | L86: 6400 | M86: 3800 | N86: 4800 | O86: 4200 | P86: 5000 | Q86: 3800 | R86: 5000 | S86: 4200 | T86: 2800 | U86: 3200 | V86: 5800 | W86: 3400 | X86: 4800 | Y86: 4600 | Z86: 105200 | AA86: 24 | AB86: 0.1953
A87: 4000758 | B87: 230 | C87: 170 | D87: 240 | E87: 100 | F87: 220 | G87: 160 | H87: 160 | I87: 190 | J87: 310 | K87: 230 | L87: 190 | M87: 190 | N87: 260 | O87: 230 | P87: 270 | Q87: 200 | R87: 300 | S87: 230 | T87: 160 | U87: 120 | V87: 290 | W87: 240 | X87: 200 | Y87: 140 | Z87: 5030 | AA87: 24 | AB87: 0.2571
A88: 4000759 | B88: 110 | C88: 150 | D88: 130 | E88: 140 | F88: 250 | G88: 60 | H88: 120 | I88: 40 | J88: 130 | K88: 130 | L88: 140 | M88: 180 | N88: 60 | O88: 150 | P88: 140 | Q88: 80 | R88: 170 | S88: 220 | T88: 100 | U88: 40 | V88: 120 | W88: 140 | X88: 110 | Y88: 90 | Z88: 3000 | AA88: 24 | AB88: 0.3973
A89: 4000760 | B89: 20 | C89: 10 | D89: 60 | E89: 20 | F89: 110 | G89: 20 | H89: 30 | I89: 40 | J89: 30 | K89: 60 | L89: 70 | M89: 60 | N89: 50 | O89: 30 | P89: 20 | Q89: 40 | R89: 110 | S89: 60 | T89: 10 | U89: 30 | V89: 100 | W89: 120 | X89: 40 | Y89: 100 | Z89: 1240 | AA89: 24 | AB89: 0.6435
A90: 4000761 | B90: 120 | C90: 130 | D90: 60 | E90: 150 | F90: 210 | G90: 70 | H90: 130 | I90: 110 | J90: 120 | K90: 80 | L90: 100 | M90: 50 | N90: 60 | O90: 120 | P90: 60 | Q90: 110 | R90: 122 | S90: 180 | T90: 120 | U90: 110 | V90: 110 | W90: 130 | X90: 160 | Y90: 106 | Z90: 2718 | AA90: 24 | AB90: 0.3334
A91: 4000763 | B91: 55 | C91: 56 | D91: 28 | E91: 54 | F91: 44 | G91: 39 | H91: 46 | I91: 43 | J91: 29 | K91: 42 | L91: 38 | M91: 37 | N91: 54 | O91: 55 | P91: 45 | Q91: 34 | R91: 57 | S91: 47 | T91: 52 | U91: 27 | V91: 38 | W91: 33 | X91: 36 | Y91: 43 | Z91: 1032 | AA91: 24 | AB91: 0.2131
A92: 4000764 | B92: 26 | C92: 23 | D92: 20 | E92: 35 | F92: 30 | G92: 32 | H92: 30 | I92: 41 | J92: 25 | K92: 37 | L92: 34 | M92: 37 | N92: 33 | O92: 30 | P92: 30 | Q92: 40 | R92: 27 | S92: 31 | T92: 23 | U92: 17 | V92: 24 | W92: 22 | X92: 25 | Y92: 19 | Z92: 691 | AA92: 24 | AB92: 0.2244
A93: 4000765 | B93: 18 | C93: 9 | D93: 8 | E93: 1 | F93: 5 | G93: 7 | H93: 7 | I93: 2 | J93: 14 | K93: 2 | L93: 5 | M93: 12 | N93: 2 | O93: 8 | P93: 7 | Q93: 3 | R93: 9 | S93: 6 | T93: 1 | U93: 2 | V93: 7 | W93: 6 | X93: 29 | Y93: 9 | Z93: 179 | AA93: 24 | AB93: 0.8146
A94: 4000766 | B94: 75 | C94: 25 | D94: 175 | E94: 125 | F94: 25 | G94: 75 | H94: 50 | I94: 25 | J94: 25 | K94: 75 | L94: 75 | M94: 125 | N94: 25 | O94: 150 | P94: 75 | Q94: 50 | R94: 0 | S94: 175 | T94: 50 | U94: 50 | V94: 50 | W94: 75 | X94: 50 | Y94: 25 | Z94: 1650 | AA94: 23 | AB94: 0.6904
A95: 4000767 | B95: 250 | C95: 225 | D95: 275 | E95: 275 | F95: 275 | G95: 250 | H95: 275 | I95: 325 | J95: 325 | K95: 325 | L95: 275 | M95: 150 | N95: 350 | O95: 450 | P95: 250 | Q95: 300 | R95: 375 | S95: 250 | T95: 250 | U95: 425 | V95: 225 | W95: 375 | X95: 250 | Y95: 425 | Z95: 7150 | AA95: 24 | AB95: 0.2385
A96: 4000768 | B96: 400 | C96: 250 | D96: 225 | E96: 225 | F96: 100 | G96: 225 | H96: 150 | I96: 275 | J96: 375 | K96: 200 | L96: 350 | M96: 250 | N96: 425 | O96: 300 | P96: 275 | Q96: 250 | R96: 225 | S96: 250 | T96: 200 | U96: 250 | V96: 325 | W96: 275 | X96: 375 | Y96: 225 | Z96: 6400 | AA96: 24 | AB96: 0.2847
... A113: 4000791 | B113: 100 | C113: 200 | D113: 150 | E113: 150 | F113: 300 | G113: 150 | H113: 300 | I113: 100 | J113: 150 | K113: 300 | L113: 300 | M113: 100 | N113: 150 | O113: 150 | P113: 200 | Q113: 100 | R113: 150 | S113: 50 | T113: 50 | U113: 250 | V113: 150 | W113: 350 | X113: 150 | Y113: 150 | Z113: 4200 | AA113: 24 | AB113: 0.4666
A114: 4000793 | B114: 0 | C114: 30 | D114: 0 | E114: 0 | F114: 0 | G114: 0 | H114: 0 | I114: 0 | J114: 0 | K114: 0 | L114: 0 | M114: 0 | N114: 0 | O114: 0 | P114: 0 | Q114: 0 | R114: 0 | S114: 0 | T114: 0 | U114: 0 | V114: 0 | W114: 0 | X114: 0 | Y114: 0 | Z114: 30 | AA114: 1 | AB114: 4.7958 | AC114: NY_ARTIKKEL
A115: 4000795 | B115: 40 | C115: 40 | D115: 0 | E115: 0 | F115: 10 | G115: 0 | H115: 0 | I115: 0 | J115: 0 | K115: 0 | L115: 30 | M115: 25 | N115: 30 | O115: 20 | P115: 30 | Q115: 40 | R115: 0 | S115: 0 | T115: 0 | U115: 5 | V115: 10 | W115: 10 | X115: 10 | Y115: 10 | Z115: 310 | AA115: 14 | AB115: 1.1226
A116: 4000800 | B116: 2400 | C116: 4300 | D116: 4400 | E116: 1200 | F116: 2800 | G116: 1900 | H116: 3000 | I116: 3100 | J116: 3100 | K116: 4400 | L116: 3100 | M116: 3700 | N116: 2100 | O116: 4700 | P116: 4500 | Q116: 3500 | R116: 5200 | S116: 3400 | T116: 2800 | U116: 3800 | V116: 3400 | W116: 2800 | X116: 2700 | Y116: 3000 | Z116: 79300 | AA116: 24 | AB116: 0.2826
A117: 4000801 | B117: 3500 | C117: 5100 | D117: 5050 | E117: 3200 | F117: 4600 | G117: 4200 | H117: 4200 | I117: 4200 | J117: 2300 | K117: 4910 | L117: 4110 | M117: 6000 | N117: 4080 | O117: 4930 | P117: 6970 | Q117: 3500 | R117: 6700 | S117: 5210 | T117: 3315 | U117: 4400 | V117: 3875 | W117: 4100 | X117: 4000 | Y117: 6500 | Z117: 108950 | AA117: 24 | AB117: 0.2464
A118: 4000802 | B118: 1590 | C118: 2278 | D118: 1490 | E118: 2114 | F118: 1688 | G118: 2334 | H118: 1768 | I118: 2254 | J118: 1862 | K118: 2220 | L118: 1831 | M118: 2480 | N118: 1534 | O118: 3162 | P118: 2678 | Q118: 2852 | R118: 2480 | S118: 3272 | T118: 1575 | U118: 1564 | V118: 2986 | W118: 2644 | X118: 2794 | Y118: 2834 | Z118: 54284 | AA118: 24 | AB118: 0.2424
A119: 4000803 | B119: 2797 | C119: 3113 | D119: 2709 | E119: 2384 | F119: 2876 | G119: 1724 | H119: 3209 | I119: 1822 | J119: 2324 | K119: 2712 | L119: 2231 | M119: 2703 | N119: 3452 | O119: 3433 | P119: 3361 | Q119: 3418 | R119: 3680 | S119: 2990 | T119: 2781 | U119: 2369 | V119: 2988 | W119: 2553 | X119: 4224 | Y119: 2976 | Z119: 68829 | AA119: 24 | AB119: 0.1975
A120: 4000804 | B120: 1665 | C120: 1465 | D120: 1760 | E120: 1755 | F120: 1720 | G120: 2130 | H120: 1815 | I120: 1740 | J120: 2485 | K120: 2123 | L120: 1950 | M120: 3165 | N120: 1800 | O120: 2335 | P120: 2425 | Q120: 4155 | R120: 2200 | S120: 2930 | T120: 2221 | U120: 1375 | V120: 2420 | W120: 2635 | X120: 2025 | Y120: 2250 | Z120: 52544 | AA120: 24 | AB120: 0.2707
A121: 4000805 | B121: 4300 | C121: 1200 | D121: 1400 | E121: 2700 | F121: 3300 | G121: 900 | H121: 1400 | I121: 2200 | J121: 1415 | K121: 2985 | L121: 3225 | M121: 2625 | N121: 2000 | O121: 2525 | P121: 2925 | Q121: 1900 | R121: 2400 | S121: 3100 | T121: 2700 | U121: 2800 | V121: 2100 | W121: 3500 | X121: 2400 | Y121: 4200 | Z121: 60200 | AA121: 24 | AB121: 0.3451
A122: 4000830 | B122: 36200 | C122: 33900 | D122: 32200 | E122: 38750 | F122: 36800 | G122: 32300 | H122: 29400 | I122: 31300 | J122: 35100 | K122: 32600 | L122: 37300 | M122: 38900 | N122: 37300 | O122: 39600 | P122: 38600 | Q122: 36200 | R122: 34100 | S122: 32400 | T122: 29100 | U122: 34100 | V122: 40200 | W122: 41500 | X122: 38400 | Y122: 35800 | Z122: 852050 | AA122: 24 | AB122: 0.0938
A123: 4000835 | B123: 1060 | C123: 450 | D123: 960 | E123: 830 | F123: 985 | G123: 1160 | H123: 910 | I123: 535 | J123: 790 | K123: 1245 | L123: 495 | M123: 845 | N123: 770 | O123: 1485 | P123: 920 | Q123: 1010 | R123: 130 | S123: 1190 | T123: 850 | U123: 980 | V123: 610 | W123: 2155 | X123: 425 | Y123: 630 | Z123: 21420 | AA123: 24 | AB123: 0.4433
A124: 4000966 | B124: 60 | C124: 120 | D124: 200 | E124: 200 | F124: 250 | G124: 225 | H124: 130 | I124: 100 | J124: 350 | K124: 200 | L124: 300 | M124: 200 | N124: 250 | O124: 200 | P124: 350 | Q124: 210 | R124: 450 | S124: 300 | T124: 250 | U124: 200 | V124: 500 | W124: 300 | X124: 300 | Y124: 400 | Z124: 6045 | AA124: 24 | AB124: 0.4149
A125: 4000969 | B125: 256 | C125: 134 | D125: 184 | E125: 412 | F125: 414 | G125: 84 | H125: 10 | I125: 42 | J125: 14 | K125: 104 | L125: 186 | M125: 56 | N125: 205 | O125: 156 | P125: 56 | Q125: 175 | R125: 142 | S125: 47 | T125: 56 | U125: 75 | V125: 184 | W125: 28 | X125: 70 | Y125: 184 | Z125: 3274 | AA125: 24 | AB125: 0.7835
A126: 4000972 | B126: 90 | C126: 35 | D126: 15 | E126: 121 | F126: 35 | G126: 20 | H126: 10 | I126: 5 | J126: 10 | K126: 55 | L126: 5 | M126: 0 | N126: 25 | O126: 5 | P126: 30 | Q126: 25 | R126: 35 | S126: 5 | T126: 16 | U126: 15 | V126: 10 | W126: 20 | X126: 5 | Y126: 5 | Z126: 597 | AA126: 23 | AB126: 1.1221
... A154: 4001160 | B154: 675 | C154: 585 | D154: 855 | E154: 540 | F154: 765 | G154: 720 | H154: 1060 | I154: 495 | J154: 1440 | K154: 315 | L154: 585 | M154: 630 | N154: 1305 | O154: 270 | P154: 990 | Q154: 765 | R154: 900 | S154: 360 | T154: 1260 | U154: 315 | V154: 810 | W154: 855 | X154: 675 | Y154: 855 | Z154: 18025 | AA154: 24 | AB154: 0.4039
A155: 4001194 | B155: 6 | C155: 19 | D155: 0 | E155: 0 | F155: 0 | G155: 0 | H155: 9 | I155: 0 | J155: 0 | K155: 0 | L155: 0 | M155: 0 | N155: 0 | O155: 0 | P155: 0 | Q155: 0 | R155: 0 | S155: 0 | T155: 0 | U155: 0 | V155: 0 | W155: 0 | X155: 0 | Y155: 0 | Z155: 34 | AA155: 3 | AB155: 2.9873 | AC155: NY_ARTIKKEL
A156: 4001207 | B156: 219 | C156: 277 | D156: 151 | E156: 268 | F156: 471 | G156: 75 | H156: 253 | I156: 129 | J156: 323 | K156: 122 | L156: 300 | M156: 197 | N156: 172 | O156: 231 | P156: 200 | Q156: 210 | R156: 176 | S156: 391 | T156: 205 | U156: 293 | V156: 243 | W156: 244 | X156: 100 | Y156: 264 | Z156: 5514 | AA156: 24 | AB156: 0.3828
A157: 4001208 | B157: 254 | C157: 363 | D157: 274 | E157: 302 | F157: 444 | G157: 189 | H157: 347 | I157: 209 | J157: 190 | K157: 252 | L157: 213 | M157: 280 | N157: 365 | O157: 346 | P157: 371 | Q157: 321 | R157: 181 | S157: 295 | T157: 247 | U157: 402 | V157: 364 | W157: 325 | X157: 221 | Y157: 358 | Z157: 7113 | AA157: 24 | AB157: 0.2444
A158: 4001211 | B158: 10040 | C158: 20540 | D158: 14280 | E158: 13660 | F158: 15120 | G158: 11760 | H158: 14560 | I158: 12040 | J158: 15680 | K158: 13300 | L158: 16660 | M158: 13440 | N158: 17640 | O158: 14980 | P158: 14140 | Q158: 10500 | R158: 13440 | S158: 9385 | T158: 14480 | U158: 13604 | V158: 12560 | W158: 13520 | X158: 9520 | Y158: 14780 | Z158: 329629 | AA158: 24 | AB158: 0.1817
A159: 4001215 | B159: 8 | C159: 6 | D159: 12 | E159: 0 | F159: 7 | G159: 0 | H159: 8 | I159: 9 | J159: 9 | K159: 0 | L159: 10 | M159: 4 | N159: 0 | O159: 4 | P159: 4 | Q159: 6 | R159: 0 | S159: 4 | T159: 5 | U159: 4 | V159: 7 | W159: 5 | X159: 6 | Y159: 28 | Z159: 146 | AA159: 19 | AB159: 0.9286
A160: 4001216 | B160: 0 | C160: 0 | D160: 0 | E160: 0 | F160: 0 | G160: 0 | H160: 0 | I160: 0 | J160: 0 | K160: 0 | L160: 0 | M160: 0 | N160: 0 | O160: 0 | P160: 0 | Q160: 120 | R160: 0 | S160: 0 | T160: 0 | U160: 0 | V160: 0 | W160: 0 | X160: 0 | Y160: 0 | Z160: 120 | AA160: 1 | AB160: 4.7958 | AC160: NY_ARTIKKEL
A161: 4001221 | B161: 570 | C161: 740 | D161: 570 | E161: 440 | F161: 740 | G161: 660 | H161: 340 | I161: 440 | J161: 560 | K161: 730 | L161: 400 | M161: 470 | N161: 530 | O161: 870 | P161: 320 | Q161: 670 | R161: 480 | S161: 740 | T161: 470 | U161: 600 | V161: 960 | W161: 500 | X161: 540 | Y161: 450 | Z161: 13790 | AA161: 24 | AB161: 0.2754
A162: 4001225 | B162: 94 | C162: 42 | D162: 184 | E162: 194 | F162: 92 | G162: 14 | H162: 28 | I162: 142 | J162: 14 | K162: 56 | L162: 214 | M162: 56 | N162: 58 | O162: 164 | P162: 100 | Q162: 128 | R162: 28 | S162: 0 | T162: 28 | U162: 14 | V162: 56 | W162: 42 | X162: 66 | Y162: 42 | Z162: 1856 | AA162: 23 | AB162: 0.7913
A163: 4001233 | B163: 1210 | C163: 975 | D163: 1125 | E163: 950 | F163: 1650 | G163: 1050 | H163: 1500 | I163: 800 | J163: 1450 | K163: 950 | L163: 1350 | M163: 1275 | N163: 1225 | O163: 1625 | P163: 1325 | Q163: 925 | R163: 1450 | S163: 1375 | T163: 700 | U163: 1000 | V163: 1575 | W163: 1350 | X163: 1000 | Y163: 1600 | Z163: 29435 | AA163: 24 | AB163: 0.2201
A164: 4001237 | B164: 1 | C164: 10 | D164: 26 | E164: 8 | F164: 12 | G164: 45 | H164: 7 | I164: 27 | J164: 7 | K164: 11 | L164: 10 | M164: 9 | N164: 15 | O164: 5 | P164: 15 | Q164: 15 | R164: 5 | S164: 10 | T164: 17 | U164: 56 | V164: 2 | W164: 21 | X164: 21 | Y164: 31 | Z164: 386 | AA164: 24 | AB164: 0.8055
A165: 4001241 | B165: 1200 | C165: 600 | D165: 700 | E165: 1000 | F165: 500 | G165: 1000 | H165: 300 | I165: 900 | J165: 700 | K165: 900 | L165: 900 | M165: 500 | N165: 1500 | O165: 1100 | P165: 1000 | Q165: 1000 | R165: 800 | S165: 400 | T165: 900 | U165: 300 | V165: 1300 | W165: 400 | X165: 800 | Y165: 700 | Z165: 19400 | AA165: 24 | AB165: 0.3795
A166: 4001257 | B166: 2135 | C166: 2365 | D166: 1870 | E166: 1850 | F166: 2105 | G166: 1910 | H166: 1425 | I166: 1780 | J166: 1807 | K166: 2144 | L166: 1994 | M166: 1860 | N166: 2005 | O166: 2005 | P166: 1960 | Q166: 1792 | R166: 1640 | S166: 1450 | T166: 1290 | U166: 1710 | V166: 1849 | W166: 1778 | X166: 1550 | Y166: 1796 | Z166: 44070 | AA166: 24 | AB166: 0.1317
A167: 4001264 | B167: 700 | C167: 950 | D167: 1100 | E167: 700 | F167: 1100 | G167: 950 | H167: 650 | I167: 1700 | J167: 1250 | K167: 800 | L167: 1050 | M167: 800 | N167: 1200 | O167: 1050 | P167: 600 | Q167: 1100 | R167: 650 | S167: 750 | T167: 600 | U167: 900 | V167: 1350 | W167: 1200 | X167: 400 | Y167: 550 | Z167: 22100 | AA167: 24 | AB167: 0.3216
A168: 4001277 | B168: 360 | C168: 570 | D168: 570 | E168: 330 | F168: 750 | G168: 390 | H168: 390 | I168: 330 | J168: 360 | K168: 510 | L168: 690 | M168: 480 | N168: 600 | O168: 570 | P168: 420 | Q168: 510 | R168: 420 | S168: 420 | T168: 360 | U168: 450 | V168: 600 | W168: 390 | X168: 360 | Y168: 510 | Z168: 11340 | AA168: 24 | AB168: 0.2406
A169: 4001278 | B169: 1080 | C169: 1200 | D169: 1140 | E169: 1830 | F169: 1560 | G169: 900 | H169: 1470 | I169: 900 | J169: 1350 | K169: 1470 | L169: 1260 | M169: 1440 | N169: 1320 | O169: 1530 | P169: 1290 | Q169: 1290 | R169: 1320 | S169: 900 | T169: 960 | U169: 1170 | V169: 1560 | W169: 1500 | X169: 1110 | Y169: 1620 | Z169: 31170 | AA169: 24 | AB169: 0.1877
A170: 4001279 | B170: 4050 | C170: 5600 | D170: 4100 | E170: 4400 | F170: 4350 | G170: 3500 | H170: 3650 | I170: 4300 | J170: 5100 | K170: 4150 | L170: 4250 | M170: 5000 | N170: 5550 | O170: 5350 | P170: 4050 | Q170: 4150 | R170: 4400 | S170: 4200 | T170: 3800 | U170: 3400 | V170: 5550 | W170: 4750 | X170: 5150 | Y170: 4600 | Z170: 107400 | AA170: 24 | AB170: 0.142
A171: 4001282 | B171: 14700 | C171: 13400 | D171: 14360 | E171: 13800 | F171: 15600 | G171: 14100 | H171: 13500 | I171: 12200 | J171: 12500 | K171: 12700 | L171: 14300 | M171: 16100 | N171: 13300 | O171: 15300 | P171: 15500 | Q171: 12100 | R171: 12200 | S171: 13400 | T171: 9200 | U171: 11900 | V171: 15100 | W171: 14800 | X171: 13400 | Y171: 12399 | Z171: 325859 | AA171: 24 | AB171: 0.1116
A172: 4001283 | B172: 34300 | C172: 35000 | D172: 30900 | E172: 32600 | F172: 30100 | G172: 29300 | H172: 32400 | I172: 29600 | J172: 35000 | K172: 32500 | L172: 33000 | M172: 34500 | N172: 33100 | O172: 35600 | P172: 32601 | Q172: 29900 | R172: 28700 | S172: 30400 | T172: 23000 | U172: 23100 | V172: 32900 | W172: 31000 | X172: 26900 | Y172: 30200 | Z172: 746601 | AA172: 24 | AB172: 0.1045
... A235: 4001576 | B235: 5150 | C235: 6100 | D235: 4650 | E235: 4850 | F235: 7100 | G235: 4550 | H235: 5350 | I235: 6650 | J235: 5950 | K235: 6700 | L235: 5200 | M235: 6600 | N235: 6650 | O235: 6200 | P235: 4950 | Q235: 7150 | R235: 6000 | S235: 5550 | T235: 4400 | U235: 6200 | V235: 5550 | W235: 7000 | X235: 7000 | Y235: 6950 | Z235: 142450 | AA235: 24 | AB235: 0.1468
A236: 4001609 | B236: 0 | C236: 4 | D236: 0 | E236: 0 | F236: 0 | G236: 0 | H236: 0 | I236: 0 | J236: 0 | K236: 0 | L236: 0 | M236: 0 | N236: 0 | O236: 1 | P236: 0 | Q236: 0 | R236: 0 | S236: 0 | T236: 0 | U236: 0 | V236: 0 | W236: 0 | X236: 0 | Y236: 0 | Z236: 5 | AA236: 2 | AB236: 3.9141 | AC236: NY_ARTIKKEL
A237: 4001691 | B237: 20 | C237: 10 | D237: 5 | E237: 15 | F237: 5 | G237: 25 | H237: 0 | I237: 20 | J237: 15 | K237: 15 | L237: 30 | M237: 5 | N237: 10 | O237: 15 | P237: 10 | Q237: 10 | R237: 30 | S237: 10 | T237: 5 | U237: 20 | V237: 0 | W237: 20 | X237: 15 | Y237: 0 | Z237: 310 | AA237: 21 | AB237: 0.6603
A238: 4001701 | B238: 24 | C238: 34 | D238: 26 | E238: 31 | F238: 26 | G238: 30 | H238: 12 | I238: 25 | J238: 14 | K238: 30 | L238: 27 | M238: 27 | N238: 20 | O238: 33 | P238: 26 | Q238: 31 | R238: 29 | S238: 22 | T238: 17 | U238: 25 | V238: 38 | W238: 34 | X238: 31 | Y238: 40 | Z238: 652 | AA238: 24 | AB238: 0.2471
A239: 4001754 | B239: 120 | C239: 90 | D239: 350 | E239: 120 | F239: 190 | G239: 170 | H239: 110 | I239: 130 | J239: 140 | K239: 230 | L239: 240 | M239: 60 | N239: 420 | O239: 230 | P239: 90 | Q239: 100 | R239: 150 | S239: 240 | T239: 140 | U239: 60 | V239: 350 | W239: 80 | X239: 161 | Y239: 80 | Z239: 4051 | AA239: 24 | AB239: 0.5611
A240: 4001762 | B240: 1200 | C240: 1700 | D240: 1700 | E240: 800 | F240: 1700 | G240: 1300 | H240: 600 | I240: 1400 | J240: 1100 | K240: 1200 | L240: 1400 | M240: 1400 | N240: 2000 | O240: 1700 | P240: 400 | Q240: 1700 | R240: 400 | S240: 1800 | T240: 500 | U240: 1300 | V240: 300 | W240: 1000 | X240: 1800 | Y240: 1300 | Z240: 29700 | AA240: 24 | AB240: 0.3999
A241: 4001763 | B241: 1900 | C241: 1900 | D241: 1800 | E241: 1500 | F241: 1700 | G241: 1700 | H241: 1300 | I241: 600 | J241: 1600 | K241: 1800 | L241: 1100 | M241: 1800 | N241: 2200 | O241: 2000 | P241: 1300 | Q241: 2300 | R241: 1400 | S241: 2900 | T241: 800 | U241: 1900 | V241: 1500 | W241: 1010 | X241: 2200 | Y241: 1000 | Z241: 39210 | AA241: 24 | AB241: 0.3131
A242: 4001764 | B242: 0 | C242: 300 | D242: 200 | E242: 0 | F242: 100 | G242: 200 | H242: 200 | I242: 100 | J242: 0 | K242: 0 | L242: 100 | M242: 100 | N242: 200 | O242: 0 | P242: 100 | Q242: 0 | R242: 0 | S242: 100 | T242: 0 | U242: 0 | V242: 500 | W242: 300 | X242: 100 | Y242: 100 | Z242: 2700 | AA242: 15 | AB242: 1.0981
A243: 4001809 | B243: 2000 | C243: 2700 | D243: 1400 | E243: 1800 | F243: 2200 | G243: 2700 | H243: 1500 | I243: 2100 | J243: 2600 | K243: 2800 | L243: 2300 | M243: 3000 | N243: 2200 | O243: 2300 | P243: 2900 | Q243: 2800 | R243: 1800 | S243: 2300 | T243: 2000 | U243: 1700 | V243: 1200 | W243: 2700 | X243: 700 | Y243: 1700 | Z243: 51400 | AA243: 24 | AB243: 0.2696
A244: 4001853 | B244: 41 | C244: 36 | D244: 53 | E244: 40 | F244: 51 | G244: 47 | H244: 45 | I244: 54 | J244: 51 | K244: 53 | L244: 62 | M244: 40 | N244: 41 | O244: 48 | P244: 44 | Q244: 65 | R244: 43 | S244: 62 | T244: 50 | U244: 70 | V244: 55 | W244: 46 | X244: 36 | Y244: 68 | Z244: 1201 | AA244: 24 | AB244: 0.1909
A245: 4001969 | B245: 79 | C245: 70 | D245: 70 | E245: 69 | F245: 64 | G245: 73 | H245: 52 | I245: 51 | J245: 66 | K245: 65 | L245: 53 | M245: 54 | N245: 63 | O245: 66 | P245: 74 | Q245: 67 | R245: 69 | S245: 65 | T245: 46 | U245: 63 | V245: 59 | W245: 64 | X245: 49 | Y245: 59 | Z245: 1510 | AA245: 24 | AB245: 0.1319
A246: 4002233 | B246: 675 | C246: 605 | D246: 683 | E246: 762 | F246: 750 | G246: 425 | H246: 826 | I246: 275 | J246: 304 | K246: 1023 | L246: 525 | M246: 750 | N246: 521 | O246: 800 | P246: 770 | Q246: 530 | R246: 250 | S246: 345 | T246: 230 | U246: 201 | V246: 300 | W246: 425 | X246: 628 | Y246: 275 | Z246: 12878 | AA246: 24 | AB246: 0.4232
A247: 4002277 | B247: 720 | C247: 410 | D247: 511 | E247: 380 | F247: 530 | G247: 330 | H247: 530 | I247: 530 | J247: 670 | K247: 640 | L247: 590 | M247: 560 | N247: 560 | O247: 530 | P247: 680 | Q247: 440 | R247: 435 | S247: 590 | T247: 425 | U247: 590 | V247: 680 | W247: 620 | X247: 625 | Y247: 760 | Z247: 13336 | AA247: 24 | AB247: 0.1961
A248: 4002292 | B248: 600 | C248: 150 | D248: 800 | E248: 150 | F248: 700 | G248: 750 | H248: 250 | I248: 450 | J248: 250 | K248: 250 | L248: 500 | M248: 492 | N248: 650 | O248: 392 | P248: 400 | Q248: 300 | R248: 500 | S248: 750 | T248: 171 | U248: 150 | V248: 321 | W248: 671 | X248: 434 | Y248: 142 | Z248: 10223 | AA248: 24 | AB248: 0.4974
A249: 4002298 | B249: 280 | C249: 485 | D249: 320 | E249: 361 | F249: 405 | G249: 590 | H249: 445 | I249: 335 | J249: 545 | K249: 255 | L249: 565 | M249: 325 | N249: 520 | O249: 395 | P249: 392 | Q249: 520 | R249: 540 | S249: 570 | T249: 120 | U249: 795 | V249: 370 | W249: 360 | X249: 290 | Y249: 830 | Z249: 10613 | AA249: 24 | AB249: 0.3621
A250: 4002332 | B250: 32700 | C250: 29200 | D250: 30400 | E250: 27600 | F250: 21100 | G250: 0 | H250: 0 | I250: 0 | J250: 0 | K250: 0 | L250: 0 | M250: 0 | N250: 0 | O250: 0 | P250: 0 | Q250: 0 | R250: 0 | S250: 0 | T250: 0 | U250: 0 | V250: 0 | W250: 0 | X250: 0 | Y250: 0 | Z250: 141000 | AA250: 5 | AB250: 1.973 | AC250: NY_ARTIKKEL
A251: 4002333 | B251: 0 | C251: 0 | D251: 0 | E251: 0 | F251: 3500 | G251: 29900 | H251: 24400 | I251: 25800 | J251: 28400 | K251: 29800 | L251: 30600 | M251: 32200 | N251: 31800 | O251: 32400 | P251: 27100 | Q251: 35200 | R251: 29900 | S251: 23800 | T251: 25000 | U251: 25400 | V251: 32900 | W251: 30000 | X251: 27900 | Y251: 29500 | Z251: 555500 | AA251: 20 | AB251: 0.5122
A252: 4002335 | B252: 1910 | C252: 1520 | D252: 1800 | E252: 1700 | F252: 1700 | G252: 1500 | H252: 1480 | I252: 1620 | J252: 1680 | K252: 1720 | L252: 1680 | M252: 1700 | N252: 1740 | O252: 1740 | P252: 1700 | Q252: 1720 | R252: 1800 | S252: 1580 | T252: 1440 | U252: 1800 | V252: 1780 | W252: 1860 | X252: 1760 | Y252: 1740 | Z252: 40670 | AA252: 24 | AB252: 0.0686
A253: 4002344 | B253: 12 | C253: 11 | D253: 17 | E253: 10 | F253: 9 | G253: 13 | H253: 10 | I253: 13 | J253: 16 | K253: 9 | L253: 10 | M253: 18 | N253: 12 | O253: 11 | P253: 9 | Q253: 18 | R253: 10 | S253: 18 | T253: 10 | U253: 26 | V253: 6 | W253: 21 | X253: 10 | Y253: 18 | Z253: 317 | AA253: 24 | AB253: 0.3517
A254: 4002345 | B254: 820 | C254: 454 | D254: 612 | E254: 585 | F254: 369 | G254: 609 | H254: 486 | I254: 554 | J254: 600 | K254: 695 | L254: 603 | M254: 488 | N254: 446 | O254: 311 | P254: 399 | Q254: 364 | R254: 370 | S254: 221 | T254: 337 | U254: 320 | V254: 326 | W254: 503 | X254: 362 | Y254: 408 | Z254: 11242 | AA254: 24 | AB254: 0.2988
A255: 4002446 | B255: 11200 | C255: 12400 | D255: 10800 | E255: 14400 | F255: 12800 | G255: 13200 | H255: 12800 | I255: 11400 | J255: 13400 | K255: 14000 | L255: 12800 | M255: 14400 | N255: 12400 | O255: 14400 | P255: 13800 | Q255: 13400 | R255: 12600 | S255: 12600 | T255: 13401 | U255: 13400 | V255: 15000 | W255: 16400 | X255: 13900 | Y255: 15040 | Z255: 319941 | AA255: 24 | AB255: 0.0943
A256: 4002462 | B256: 3000 | C256: 2300 | D256: 2550 | E256: 4050 | F256: 2600 | G256: 2300 | H256: 1950 | I256: 3050 | J256: 2400 | K256: 2050 | L256: 3600 | M256: 2050 | N256: 3000 | O256: 3150 | P256: 3550 | Q256: 4000 | R256: 2850 | S256: 3400 | T256: 2150 | U256: 3050 | V256: 3800 | W256: 3300 | X256: 2400 | Y256: 2950 | Z256: 69500 | AA256: 24 | AB256: 0.2131
A257: 4002465 | B257: 1950 | C257: 2300 | D257: 1400 | E257: 2700 | F257: 1800 | G257: 2150 | H257: 1750 | I257: 2150 | J257: 1850 | K257: 2000 | L257: 1450 | M257: 1500 | N257: 1900 | O257: 1550 | P257: 1600 | Q257: 1250 | R257: 1300 | S257: 1450 | T257: 1250 | U257: 1250 | V257: 1850 | W257: 1500 | X257: 1050 | Y257: 900 | Z257: 39850 | AA257: 24 | AB257: 0.25
A258: 4002466 | B258: 5200 | C258: 5200 | D258: 4750 | E258: 5250 | F258: 4650 | G258: 4650 | H258: 3950 | I258: 4600 | J258: 5150 | K258: 4950 | L258: 4050 | M258: 4650 | N258: 5650 | O258: 5400 | P258: 5250 | Q258: 3750 | R258: 4000 | S258: 4550 | T258: 2950 | U258: 3700 | V258: 5000 | W258: 4400 | X258: 3800 | Y258: 4500 | Z258: 110000 | AA258: 24 | AB258: 0.1405
A259: 4002467 | B259: 2050 | C259: 1900 | D259: 1850 | E259: 1650 | F259: 2500 | G259: 1850 | H259: 1600 | I259: 1250 | J259: 1350 | K259: 2300 | L259: 1550 | M259: 1650 | N259: 2250 | O259: 1900 | P259: 2100 | Q259: 2150 | R259: 1650 | S259: 2150 | T259: 1350 | U259: 1900 | V259: 2400 | W259: 2150 | X259: 2850 | Y259: 2550 | Z259: 46900 | AA259: 24 | AB259: 0.2044
A260: 4002468 | B260: 1500 | C260: 750 | D260: 950 | E260: 950 | F260: 450 | G260: 1100 | H260: 500 | I260: 800 | J260: 750 | K260: 850 | L260: 750 | M260: 950 | N260: 950 | O260: 800 | P260: 1000 | Q260: 850 | R260: 850 | S260: 750 | T260: 700 | U260: 950 | V260: 1100 | W260: 900 | X260: 1000 | Y260: 900 | Z260: 21050 | AA260: 24 | AB260: 0.2304
A261: 4002472 | B261: 4268 | C261: 4128 | D261: 4056 | E261: 3912 | F261: 4008 | G261: 4344 | H261: 3840 | I261: 3480 | J261: 4032 | K261: 4248 | L261: 3984 | M261: 3504 | N261: 3768 | O261: 4584 | P261: 3408 | Q261: 4854 | R261: 3120 | S261: 3480 | T261: 2928 | U261: 2496 | V261: 4008 | W261: 3360 | X261: 3396 | Y261: 3840 | Z261: 91046 | AA261: 24 | AB261: 0.1375
A262: 4002475 | B262: 4 | C262: 15 | D262: 9 | E262: 12 | F262: 14 | G262: 33 | H262: 9 | I262: 13 | J262: 4 | K262: 11 | L262: 16 | M262: 8 | N262: 5 | O262: 17 | P262: 6 | Q262: 34 | R262: 8 | S262: 12 | T262: 9 | U262: 10 | V262: 30 | W262: 7 | X262: 11 | Y262: 22 | Z262: 319 | AA262: 24 | AB262: 0.627
... A298: 4003346 | B298: 35 | C298: 85 | D298: 145 | E298: 60 | F298: 65 | G298: 35 | H298: 20 | I298: 30 | J298: 65 | K298: 60 | L298: 50 | M298: 70 | N298: 90 | O298: 75 | P298: 70 | Q298: 110 | R298: 64 | S298: 102 | T298: 72 | U298: 102 | V298: 156 | W298: 132 | X298: 138 | Y298: 114 | Z298: 1945 | AA298: 24 | AB298: 0.4508
A299: 4003416 | B299: 0 | C299: 12 | D299: 24 | E299: 0 | F299: 24 | G299: 72 | H299: 0 | I299: 0 | J299: 0 | K299: 0 | L299: 0 | M299: 0 | N299: 0 | O299: 0 | P299: 0 | Q299: 0 | R299: 0 | S299: 0 | T299: 0 | U299: 0 | V299: 0 | W299: 0 | X299: 0 | Y299: 0 | Z299: 132 | AA299: 4 | AB299: 2.8152 | AC299: NY_ARTIKKEL
A300: 4003529 | B300: 1300 | C300: 2300 | D300: 1300 | E300: 800 | F300: 700 | G300: 800 | H300: 900 | I300: 800 | J300: 1300 | K300: 1800 | L300: 1000 | M300: 1000 | N300: 1000 | O300: 1500 | P300: 1300 | Q300: 1000 | R300: 1500 | S300: 1500 | T300: 500 | U300: 1700 | V300: 1000 | W300: 1500 | X300: 1300 | Y300: 1500 | Z300: 29300 | AA300: 24 | AB300: 0.3268
A301: 4003611 | B301: 500 | C301: 100 | D301: 0 | E301: 700 | F301: 100 | G301: 100 | H301: 100 | I301: 400 | J301: 200 | K301: 200 | L301: 100 | M301: 0 | N301: 700 | O301: 100 | P301: 101 | Q301: 0 | R301: 400 | S301: 100 | T301: 400 | U301: 100 | V301: 200 | W301: 100 | X301: 400 | Y301: 100 | Z301: 5201 | AA301: 21 | AB301: 0.9292
A302: 4003844 | B302: 17 | C302: 38 | D302: 17 | E302: 10 | F302: 28 | G302: 17 | H302: 10 | I302: 23 | J302: 19 | K302: 11 | L302: 29 | M302: 2 | N302: 18 | O302: 26 | P302: 33 | Q302: 11 | R302: 22 | S302: 24 | T302: 6 | U302: 17 | V302: 25 | W302: 10 | X302: 21 | Y302: 2 | Z302: 436 | AA302: 24 | AB302: 0.5019
...

Sheet EKKO
A1: 🟢 EKKO
A3: Totalt antall innkjøpsordre | B3: =COUNTA(A11:A13164) -> 13154
A4: Unike EBELN | B4: =COUNTA(A11:A13164) -> 13154
A5: Første ordrenummer | B5: =MIN(A11:A13164) -> 4500145151
A6: Siste ordrenummer | B6: =MAX(A11:A13164) -> 4500245516
A7: Antall ordre (intervall) | B7: =B6-B5+1 -> 100366
A8: Datakvalitet | B8: OK
A10: EBELN
A11: 4500145151
A12: 4500145156
A13: 4500145159
A14: 4500145163
A15: 4500145167
A16: 4500145171
A17: 4500145175
A18: 4500145178
A19: 4500145182
A20: 4500145187
A21: 4500145191
A22: 4500145197
... A13164: 4500245516

Sheet EKPO
A1: 🟢 EKPO
A3: Antall unike MATNR | B3: 529
A4: Total NETWR (NOK) | B4: 63239833
A5: Snitt ORDER_COUNT | B5: 15.22
A6: Høyeste NETWR (artikkel) | B6: 2192400
A7: Totalt filtrerte rader | B7: 8189
A8: Filter | B8: WERKS=3300, LGORT=3001
A10: MATNR | B10: TOTAL_NETWR | C10: ORDER_COUNT | D10: AVG_ORDER_QTY
A11: 4036674 | B11: 2192400 | C11: 20 | D11: 10.5
A12: 4033674 | B12: 1909440 | C12: 42 | D12: 10.62
A13: 4002742 | B13: 1827730 | C13: 16 | D13: 25.63
A14: 4036677 | B14: 1805760 | C14: 21 | D14: 6.86
A15: 4006235 | B15: 1632960 | C15: 7 | D15: 18
A16: 4004825 | B16: 1374600 | C16: 55 | D16: 16.8
A17: 4033646 | B17: 1360800 | C17: 11 | D17: 10.91
A18: 4005583 | B18: 1329919.2 | C18: 11 | D18: 697.73
A19: 4000005 | B19: 1191779.5 | C19: 10 | D19: 65
A20: 4006561 | B20: 938832 | C20: 14 | D20: 24
A21: 4009081 | B21: 916510 | C21: 30 | D21: 7.3
A22: 4006560 | B22: 887714 | C22: 51 | D22: 2
... A539: 4008209 | B539: 0.02 | C539: 1 | D539: 2

Sheet EKBE
A1: 🟢 EKBE
A3: Filter | B3: BEWTP=E, BWART=101
A4: Totalt filtrerte rader | B4: 9004
A5: Antall S-rader (mottak) | B5: 9004
A6: Antall H-rader (retur) | B6: 0
A7: Returandel H% | B7: 0
A8: Total NET_RECEIVED | B8: 134215.69
A10: MATNR | B10: NET_RECEIVED
A11: 4000005 | B11: 650
A12: 4000009 | B12: 60
A13: 4000023 | B13: 816
A14: 4000024 | B14: 432
A15: 4000027 | B15: 60
A16: 4000066 | B16: 184
A17: 4000067 | B17: 64
A18: 4000084 | B18: 42
A19: 4000090 | B19: 282
A20: 4000108 | B20: 791
A21: 4000273 | B21: 6544
A22: 4000286 | B22: 100
... A539: 4048468 | B539: 24

Sheet EINA_EINE
A1: 🟢 EINA_EINE
A3: Antall MATNR med leveringstid | B3: 52
A4: Snitt LEAD_TIME_DAYS | B4: 3.5
A5: Min LEAD_TIME_DAYS | B5: 0
A6: Maks LEAD_TIME_DAYS | B6: 5
A7: Antall med > 1 leverandør | B7: =COUNTIF(C11:C62,">1") -> 6
A8: Andel med leveringstid > 3 dager | B8: =COUNTIF(B11:B62,">3")/COUNTA(B11:B62) -> 0.32692308
A10: MATNR | B10: LEAD_TIME_DAYS | C10: SUPPLIER_COUNT
A11: 4000090 | B11: 5 | C11: 1
A12: 4000286 | B12: 3 | C12: 1
A13: 4000287 | B13: 3 | C13: 1
A14: 4000288 | B14: 3 | C14: 1
A15: 4000835 | B15: 3 | C15: 1
A16: 4000989 | B16: 5 | C16: 1
A17: 4001331 | B17: 5 | C17: 1
A18: 4001523 | B18: 3 | C18: 1
A19: 4001524 | B19: 0 | C19: 1
A20: 4002495 | B20: 3 | C20: 1
A21: 4002667 | B21: 3 | C21: 1
A22: 4002679 | B22: 3 | C22: 1
... A62: 4049107 | B62: 1.5 | C62: 2

Sheet T023T
A1: 🟢 T023T
A3: Antall unike varegrupper (MATKL) | B3: 90
A4: Totalt antall rader | B4: =COUNTA(A11:A100) -> 90
A5: Lengste varegruppenavn (tegn) | B5: {=MAX(LEN(B11:B100))} -> 20
A6: Korteste varegruppenavn (tegn) | B6: {=MIN(LEN(B11:B100))} -> 6
A7: Snitt navnlengde (tegn) | B7: {=AVERAGE(LEN(B11:B100))} -> 17.288889
A8: Datakvalitet | B8: OK | H8: og
A10: MATKL | B10: WGBEZ
A11: 10020403 | B11: Blodsubst/infusjonop
A12: 10030101 | B12: Endosk prod forbr
A13: 10030102 | B13: Gastrostomi forbr
A14: 10030201 | B14: Kar/thor kir forbr
A15: 10030303 | B15: Invasiv kardiologi
A16: 10030398 | B16: Inv kardio forbr.mat
A17: 10030403 | B17: Nevrokirurgiske impl
A18: 10030404 | B18: Tann/Orale implantat
A19: 10030405 | B19: Nevrokirurgisk forbr
A20: 10030501 | B20: Artroskopi
A21: 10030503 | B21: Gips og ortoser
A22: 10030506 | B22: Ortopedi forbr
... A100: 20040903 | B100: Verneutstyr

Sheet MASTERFILE
A1: 🔴 MASTERFILE
A3: Antall artikler i MASTERFILE | B3: =COUNTA(A11:A719) -> 709
A4: Antall kildetabeller koblet | B4: 10
A5: Dekningsprosent ZZXYZ | B5: =COUNTIF(H11:H719,"<>")/COUNTA(A11:A719) -> 0.55571227
A6: Dekningsprosent UNIT_PRICE | B6: =COUNTIF(J11:J719,"<>")/COUNTA(A11:A719) -> 0.99858956
A7: Dekningsprosent CV | B7: =COUNTIF(N11:N719,"<>")/COUNTA(A11:A719) -> 0.96897038
A8: Dekningsprosent LEAD_TIME_DAYS | B8: =COUNTIF(T11:T719,"<>")/COUNTA(A11:A719) -> 0.059238364
A10: MATNR | B10: MAKTX | C10: MTART | D10: MATKL | E10: WGBEZ | F10: MEINS | G10: ZZABC | H10: ZZXYZ | I10: MARC_ABC | J10: UNIT_PRICE | K10: TOTAL_STOCK | L10: D_ANNUAL | M10: ACTIVE_MONTHS | N10: CV | O10: MSEG_STATUS | P10: TOTAL_NETWR | Q10: ORDER_COUNT | R10: AVG_ORDER_QTY | S10: NET_RECEIVED | T10: LEAD_TIME_DAYS | U10: SUPPLIER_COUNT
A11: 4000005 | B11: Filter steril Diasafe Plus | C11: ZHAW | D11: 10080301 | E11: Forbr BHM Dialyseuts | F11: STK | H11: X | I11: C | J11: 2064.73 | K11: 52 | L11: 654 | M11: 16 | N11: 0.9697 | P11: 1191779.5 | Q11: 10 | R11: 65 | S11: 650
A12: 4000014 | B12: Forstøverbeger medikament m/munnstykke | C12: ZHAW | D12: 10050505 | E12: Oksygenbehandling | F12: STK | G12: A | H12: X | I12: C | J12: 10.25 | K12: 302 | L12: 29627 | M12: 24 | N12: 0.1583
A13: 4000023 | B13: Ernæringssett Infinity pack | C13: ZHAW | D13: 10080401 | E13: Forbr BHM Ernærsyst | F13: STK | G13: A | H13: Y | J13: 23.41 | K13: 574 | L13: 24305 | M13: 24 | N13: 0.1716 | P13: 515990.4 | Q13: 17 | R13: 48 | S13: 816
A14: 4000024 | B14: Ernæringssett Flocare Infin mobil | C14: ZHAW | D14: 10080401 | E14: Forbr BHM Ernærsyst | F14: STK | G14: A | H14: Y | J14: 22.39 | K14: 2130 | L14: 12900 | M14: 24 | N14: 1.1109 | P14: 270685.44 | Q14: 9 | R14: 48 | S14: 432
A15: 4000027 | B15: Sonde ernæring ENFit Ch6/60cm | C15: ZHAW | D15: 10080401 | E15: Forbr BHM Ernærsyst | F15: STK | G15: C | H15: Y | I15: C | J15: 39.69 | K15: 184 | L15: 595 | M15: 23 | N15: 0.681 | P15: 24686.24 | Q15: 15 | R15: 4 | S15: 60
A16: 4000060 | B16: Kran 3-veis luerlock u/slange | C16: ZHAW | D16: 10050103 | E16: Infusjon/transfj. Pr | F16: STK | G16: B | H16: X | I16: C | J16: 2.77 | K16: 1900 | L16: 118550 | M16: 24 | N16: 0.1394
A17: 4000061 | B17: Kran 3-veis m/slange 10cm | C17: ZHAW | D17: 10050103 | E17: Infusjon/transfj. Pr | F17: STK | G17: A | H17: X | I17: B | J17: 4.26 | K17: 2600 | L17: 303000 | M17: 24 | N17: 0.0826
A18: 4000065 | B18: Propp kombi luer/luerlock rød | C18: ZHAW | D18: 10050103 | E18: Infusjon/transfj. Pr | F18: STK | G18: A | H18: X | I18: A | J18: 0.2602 | K18: 7000 | L18: 1964322 | M18: 24 | N18: 0.0898
A19: 4000066 | B19: Kanyle spinal svart 22Gx88mm | C19: ZHAW | D19: 10050102 | E19: Anestesi kanyler | F19: STK | G19: C | H19: X | I19: C | J19: 6.9 | K19: 150 | L19: 5275 | M19: 24 | N19: 0.4632 | P19: 30820 | Q19: 23 | R19: 8 | S19: 184
A20: 4000069 | B20: Kanyle opptrekk m/lokk/partik filter 5µm | C20: ZHAW | D20: 10050109 | E20: Sprøyter og kanyler | F20: STK | G20: C | H20: X | I20: B | J20: 3.6 | K20: 100
A21: 4000072 | B21: Sprøyte m/kateterspiss 50/60ml | C21: ZHAW | D21: 10050109 | E21: Sprøyter og kanyler | F21: STK | G21: B | H21: X | I21: C | J21: 2.96 | K21: 920 | L21: 37011 | M21: 24 | N21: 0.1764
A22: 4000077 | B22: Knivblad m/skaft suturfjern safety nr12 | C22: ZHAW | D22: 10050606 | E22: Operasjonsprodukter | F22: STK | G22: B | H22: Y | I22: C | J22: 15.7 | K22: 405 | L22: 20973 | M22: 24 | N22: 0.2526
A23: 4000078 | B23: Knivblad opr nr10 | C23: ZHAW | D23: 10050606 | E23: Operasjonsprodukter | F23: STK | G23: C | H23: X | I23: C | J23: 1.4158 | K23: 1300 | L23: 11900 | M23: 22 | N23: 1.0275
A24: 4000084 | B24: Autoklavetape dampster blå 18mmx55m | C24: ZHAW | D24: 10030805 | E24: Steriliseringstester | F24: RUL | G24: C | H24: X | I24: C | J24: 38.18 | K24: 129 | L24: 1168 | M24: 24 | N24: 0.3791 | P24: 45826.56 | Q24: 22 | R24: 2 | S24: 42
A25: 4000090 | B25: Filmbandasje 6x7cm | C25: ZHAW | D25: 10050801 | E25: Sårbehandlingsproduk | F25: STK | G25: B | I25: C | J25: 6.73 | K25: 2700 | L25: 34586 | M25: 21 | N25: 0.5762 | P25: 191655.84 | Q25: 27 | R25: 10.07 | S25: 282 | T25: 5 | U25: 1
A26: 4000094 | B26: Film fiksering IV kanyle 7x8cm | C26: ZHAW | D26: 10050502 | E26: Fikseringsprodukter | F26: STK | G26: A | H26: Y | I26: C | J26: 3.57 | K26: 3100 | L26: 452000 | M26: 24 | N26: 0.0989
A27: 4000108 | B27: Engangsblad standard til kir klipper | C27: ZHAW | D27: 10050606 | E27: Operasjonsprodukter | F27: STK | G27: A | H27: Y | I27: C | J27: 16.94 | K27: 2899 | L27: 38001 | M27: 24 | N27: 0.2275 | P27: 631652 | Q27: 67 | R27: 12.16 | S27: 791
A28: 4000273 | B28: Sprøyte prefylt NaCl 0,9% SP 5ml | C28: ZHAW | D28: 10050109 | E28: Sprøyter og kanyler | F28: STK | G28: A | H28: Y | I28: B | J28: 2.05 | K28: 6120 | L28: 478770 | M28: 24 | N28: 0.0815 | P28: 416540.96 | Q28: 18 | R28: 363.56 | S28: 6544
A29: 4000274 | B29: Sprøyte prefylt NaCl 0,9% SP 10ml | C29: ZHAW | D29: 10050109 | E29: Sprøyter og kanyler | F29: STK | G29: A | H29: X | I29: A | J29: 2.11 | K29: 10860 | L29: 1683680 | M29: 24 | N29: 0.0804
A30: 4000275 | B30: Kanyle injeksjon safety blå 23Gx25mm | C30: ZHAW | D30: 10050109 | E30: Sprøyter og kanyler | F30: STK | G30: C | H30: X | I30: C | J30: 0.755 | K30: 2600 | L30: 86550 | M30: 24 | N30: 0.1254
A31: 4000276 | B31: Kanyle injeksjon safety grønn 21Gx40mm | C31: ZHAW | D31: 10050109 | E31: Sprøyter og kanyler | F31: STK | G31: C | H31: X | I31: C | J31: 0.76 | K31: 900 | L31: 115300 | M31: 24 | N31: 0.1448
A32: 4000279 | B32: Holder til blodprøvetakingskanyle 5-10ml | C32: ZHAW | D32: 10040101 | E32: Blodprøvetakingsutst | F32: STK | G32: B | H32: Y | I32: C | J32: 0.3138 | K32: 1212 | L32: 116095 | M32: 24 | N32: 0.1365
A33: 4000286 | B33: PVK safety m/brønn blå 22Gx25mm | C33: ZHAW | D33: 10050108 | E33: Venekanyl/-port/-nål | F33: STK | G33: A | H33: X | I33: B | J33: 6.77 | K33: 1200 | L33: 193850 | M33: 24 | N33: 0.1183 | P33: 34500 | Q33: 1 | R33: 100 | S33: 100 | T33: 3 | U33: 1
A34: 4000287 | B34: PVK safety m/brønn rosa 20Gx32mm | C34: ZHAW | D34: 10050108 | E34: Venekanyl/-port/-nål | F34: STK | G34: A | H34: X | I34: B | J34: 6.71 | K34: 2950 | L34: 163050 | M34: 24 | N34: 0.1144 | T34: 3 | U34: 1
A35: 4000288 | B35: PVK safety m/brønn grønn 18Gx32mm | C35: ZHAW | D35: 10050108 | E35: Venekanyl/-port/-nål | F35: STK | G35: A | H35: X | I35: B | J35: 6.75 | K35: 1000 | L35: 151700 | M35: 24 | N35: 0.1196 | P35: 37950 | Q35: 1 | R35: 110 | S35: 110 | T35: 3 | U35: 1
A36: 4000290 | B36: PVK safety m/brønn grå 16Gx45mm | C36: ZHAW | D36: 10050108 | E36: Venekanyl/-port/-nål | F36: STK | G36: C | H36: X | I36: C | J36: 6.77 | K36: 700 | L36: 10500 | M36: 24 | N36: 0.29 | P36: 56060 | Q36: 9 | R36: 20 | S36: 180
A37: 4000291 | B37: PVK safety m/brønn oransje 14Gx45mm | C37: ZHAW | D37: 10050108 | E37: Venekanyl/-port/-nål | F37: STK | G37: C | H37: X | I37: C | J37: 7.09 | K37: 350 | L37: 1750 | M37: 19 | N37: 0.7401 | P37: 19376 | Q37: 11 | R37: 4 | S37: 40
A38: 4000310 | B38: Sugesett kon tupp m/fingrkontr 3,5m | C38: ZHAW | D38: 10050609 | E38: Sug, slanger og pose | F38: STK | G38: B | H38: X | I38: C | J38: 33.54 | K38: 124 | L38: 5519 | M38: 24 | N38: 0.1831
A39: 4000311 | B39: Sugeslange kon elastisk tupp 3,5m | C39: ZHAW | D39: 10050609 | E39: Sug, slanger og pose | F39: STK | G39: C | H39: X | I39: C | J39: 32.99 | K39: 164 | L39: 3444 | M39: 24 | N39: 0.6935
A40: 4000312 | B40: Sugesett opr dobbelrør abdominal 3,5m | C40: ZHAW | D40: 10050609 | E40: Sug, slanger og pose | F40: STK | G40: C | H40: X | I40: C | J40: 38.44 | K40: 136 | L40: 2206 | M40: 24 | N40: 0.1884
A41: 4000313 | B41: Sugeslange elastisk del 1m microkir 3,5m | C41: ZHAW | D41: 10050609 | E41: Sug, slanger og pose | F41: STK | G41: B | H41: X | I41: C | J41: 76.45 | K41: 80 | L41: 2500 | M41: 24 | N41: 0.2415
A42: 4000314 | B42: Utbyttepose sårdren opr 700ml | C42: ZHAW | D42: 10050610 | E42: Sårdren | F42: STK | G42: B | I42: C | J42: 20.04 | K42: 1040 | L42: 15959 | M42: 24 | N42: 0.2292 | P42: 261550 | Q42: 26 | R42: 11.92 | S42: 334
A43: 4000315 | B43: Dren opr m/belg u/trokar sug<75mmhg Ch10 | C43: ZHAW | D43: 10050610 | E43: Sårdren | F43: STK | G43: C | H43: X | I43: C | J43: 128.31 | K43: 70 | L43: 540 | M43: 24 | N43: 0.3685 | P43: 60525 | Q43: 17 | R43: 3 | S43: 51
A44: 4000316 | B44: Dren opr m/belg u/trokar sug<75mmhg Ch14 | C44: ZHAW | D44: 10050610 | E44: Sårdren | F44: STK | G44: A | H44: X | I44: C | J44: 131.25 | K44: 68 | L44: 2312 | M44: 24 | N44: 0.174
A45: 4000319 | B45: Dren opr m/belg u/trokar sug<25mmhg Ch18 | C45: ZHAW | D45: 10050610 | E45: Sårdren | F45: STK | G45: B | H45: X | I45: C | J45: 193.1 | K45: 60 | L45: 1520 | M45: 24 | N45: 0.217 | P45: 163710 | Q45: 23 | R45: 6 | S45: 138
A46: 4000323 | B46: Stomipose 2D Sensura Mio tømba maxi 50mm | C46: ZHAW | D46: 10050701 | E46: Stomiprodukter | F46: STK | G46: C | H46: Y | I46: C | J46: 0.0001 | K46: 140 | L46: 2460 | M46: 20 | N46: 0.6146 | P46: 0.68 | Q46: 20 | R46: 4 | S46: 84
A47: 4000324 | B47: Stomipose 2D Sensura Mio tømba maxi 70mm | C47: ZHAW | D47: 10050701 | E47: Stomiprodukter | F47: STK | G47: C | H47: Y | I47: C | J47: 0.0001 | K47: 270 | L47: 3480 | M47: 23 | N47: 0.5091 | P47: 0.81 | Q47: 57 | R47: 2.05 | S47: 131
A48: 4000325 | B48: Uridom lateksfri selvklebende Ø35mm norm | C48: ZHAW | D48: 10050404 | E48: Urol. Kateter/tilbh | F48: STK | G48: C | H48: Y | I48: C | J48: 0.7 | K48: 90 | L48: 630 | M48: 14 | N48: 1.0068 | P48: 60 | Q48: 10 | R48: 2 | S48: 20
A49: 4000328 | B49: Stomipasta Coloplast formbar strimler | C49: ZHAW | D49: 10050701 | E49: Stomiprodukter | F49: STK | G49: C | H49: Y | I49: C | J49: 0.01 | K49: 70 | L49: 270 | M49: 12 | N49: 1.2389 | P49: 0.24 | Q49: 7 | R49: 4 | S49: 32
A50: 4000330 | B50: Kat urin tappe prefukt mann rett Ch10 | C50: ZHAW | D50: 10050404 | E50: Urol. Kateter/tilbh | F50: STK | G50: C | H50: Y | I50: C | J50: 0.7845 | K50: 110 | L50: 1460 | M50: 24 | N50: 0.7911 | P50: 420 | Q50: 10 | R50: 5 | S50: 45
A51: 4000331 | B51: Kat urin tappe prefukt mann rett Ch12 | C51: ZHAW | D51: 10050404 | E51: Urol. Kateter/tilbh | F51: STK | G51: C | H51: X | I51: C | J51: 0.8176 | K51: 420 | L51: 6230 | M51: 24 | N51: 0.368 | P51: 1200 | Q51: 22 | R51: 10 | S51: 220
A52: 4000332 | B52: Kat urin tappe prefukt mann rett Ch14 | C52: ZHAW | D52: 10050404 | E52: Urol. Kateter/tilbh | F52: STK | G52: C | H52: X | I52: C | J52: 0.8669 | K52: 442 | L52: 6623 | M52: 24 | N52: 0.3723 | P52: 1500 | Q52: 23 | R52: 10 | S52: 230
A53: 4000333 | B53: Kat urin tappe prefukt mann rett Ch16 | C53: ZHAW | D53: 10050404 | E53: Urol. Kateter/tilbh | F53: STK | G53: C | H53: Y | I53: C | J53: 0.6845 | K53: 245 | L53: 1490 | M53: 24 | N53: 0.7901 | P53: 261 | Q53: 13 | R53: 3.92 | S53: 51
A54: 4000334 | B54: Kat urin tappe prefukt mann rett Ch18 | C54: ZHAW | D54: 10050404 | E54: Urol. Kateter/tilbh | F54: STK | G54: C | H54: Y | I54: C | J54: 0.01 | K54: 60 | L54: 265 | M54: 13 | N54: 1.5466 | P54: 51 | Q54: 8 | R54: 1 | S54: 8
A55: 4000340 | B55: Kat urin tappe prefukt kvinne Ch10 | C55: ZHAW | D55: 10050404 | E55: Urol. Kateter/tilbh | F55: STK | G55: C | H55: Y | I55: C | J55: 0.8129 | K55: 345 | L55: 2880 | M55: 24 | N55: 0.4767 | P55: 840 | Q55: 10 | R55: 10 | S55: 100
A56: 4000341 | B56: Kat urin tappe prefukt kvinne Ch12 | C56: ZHAW | D56: 10050404 | E56: Urol. Kateter/tilbh | F56: STK | G56: C | H56: X | I56: C | J56: 0.954 | K56: 700 | L56: 35131 | M56: 24 | N56: 0.1469
A57: 4000342 | B57: Kat urin tappe prefukt kvinne Ch14 | C57: ZHAW | D57: 10050404 | E57: Urol. Kateter/tilbh | F57: STK | G57: C | H57: Y | I57: C | J57: 0.9576 | K57: 450 | L57: 8900 | M57: 24 | N57: 0.2665 | P57: 1770 | Q57: 23 | R57: 10 | S57: 230
A58: 4000343 | B58: Festebånd til urinpose ben | C58: ZHAW | D58: 10050404 | E58: Urol. Kateter/tilbh | F58: PAR | G58: C | H58: Z | I58: C | J58: 0.5645 | K58: 200 | L58: 7880 | M58: 24 | N58: 0.1663 | P58: 1660 | Q58: 38 | R58: 38.95 | S58: 1480
A59: 4000396 | B59: Sprøyte blodgass 3ml u/kanyle | C59: ZHAW | D59: 10040604 | E59: Blodgass utstyr | F59: STK | G59: A | H59: X | I59: B | J59: 4.19 | K59: 980 | L59: 100101 | M59: 24 | N59: 0.1177
A60: 4000403 | B60: Knivblad opr nr20 | C60: ZHAW | D60: 10050606 | E60: Operasjonsprodukter | F60: STK | G60: C | H60: X | I60: C | J60: 2.0123 | K60: 1100 | L60: 13700 | M60: 24 | N60: 0.5144 | P60: 15840 | Q60: 21 | R60: 6.26 | S60: 144
A61: 4000406 | B61: Infusett blandesett 1-grenet | C61: ZHAW | D61: 10050103 | E61: Infusjon/transfj. Pr | F61: STK | G61: A | H61: X | I61: C | J61: 16.1 | K61: 2730 | L61: 83905 | M61: 24 | N61: 0.0855
A62: 4000411 | B62: Steriliseringspose rull 75mmx200m | C62: ZHAW | D62: 10030801 | E62: Dampsterilis. Emball | F62: RUL | G62: C | H62: Z | I62: C | J62: 177.06 | K62: 14 | L62: 60 | M62: 21 | N62: 0.7024 | P62: 11800.56 | Q62: 17 | R62: 1 | S62: 17
A63: 4000412 | B63: Steriliseringspose rull 100mmx200m | C63: ZHAW | D63: 10030801 | E63: Dampsterilis. Emball | F63: RUL | G63: C | H63: X | I63: C | J63: 232.28 | K63: 19 | L63: 110 | M63: 24 | N63: 0.556 | P63: 22414.8 | Q63: 17 | R63: 2 | S63: 34
A64: 4000413 | B64: Steriliseringspose rull 150mmx200m | C64: ZHAW | D64: 10030801 | E64: Dampsterilis. Emball | F64: RUL | G64: C | I64: C | J64: 331.15 | K64: 14 | L64: 107 | M64: 24 | N64: 0.3884 | P64: 34680.6 | Q64: 26 | R64: 2 | S64: 52
A65: 4000414 | B65: Steriliseringspose rull 200mmx200m | C65: ZHAW | D65: 10030801 | E65: Dampsterilis. Emball | F65: RUL | G65: C | H65: X | I65: C | J65: 452.87 | K65: 12 | L65: 109 | M65: 24 | N65: 0.4215 | P65: 45075.3 | Q65: 21 | R65: 4.86 | S65: 102
A66: 4000415 | B66: Steriliseringspose rull 250mmx200m | C66: ZHAW | D66: 10030801 | E66: Dampsterilis. Emball | F66: RUL | G66: C | I66: C | J66: 566.97 | K66: 10 | L66: 48 | M66: 22 | N66: 0.5774 | P66: 24539.12 | Q66: 11 | R66: 4 | S66: 44
A67: 4000416 | B67: Steriliseringspose 205x400mm | C67: ZHAW | D67: 10030801 | E67: Dampsterilis. Emball | F67: STK | G67: C | I67: C | J67: 1.1284 | K67: 3100 | L67: 22500 | M67: 23 | N67: 0.4798 | P67: 24972 | Q67: 19 | R67: 2 | S67: 38
A68: 4000418 | B68: Steriliseringspose 150x400mm | C68: ZHAW | D68: 10030801 | E68: Dampsterilis. Emball | F68: STK | G68: C | I68: C | J68: 0.7498 | K68: 600 | L68: 2500 | M68: 17 | N68: 0.7579 | P68: 3552 | Q68: 4 | R68: 1 | S68: 4
A69: 4000419 | B69: Steriliseringspose 100x200mm | C69: ZHAW | D69: 10030801 | E69: Dampsterilis. Emball | F69: STK | G69: C | I69: C | J69: 0.3 | K69: 2300 | L69: 14700 | M69: 21 | N69: 0.7619 | P69: 4752 | Q69: 9 | R69: 1 | S69: 8
A70: 4000420 | B70: Steriliseringspose 100x270mm | C70: ZHAW | D70: 10030801 | E70: Dampsterilis. Emball | F70: STK | G70: C | H70: Z | I70: C | J70: 0.34 | K70: 2500 | L70: 49700 | M70: 24 | N70: 0.4928 | P70: 15900 | Q70: 16 | R70: 1 | S70: 16
A71: 4000427 | B71: Vakumrør Li-Heparin gel grønn 4ml | C71: ZHAW | D71: 10040101 | E71: Blodprøvetakingsutst | F71: STK | G71: C | H71: Y | I71: B | J71: 1.33 | K71: 1200 | L71: 17015 | M71: 24 | N71: 0.3404 | P71: 17224.32 | Q71: 11 | R71: 24 | S71: 264
A72: 4000428 | B72: Vakumrør Li-Heparin u/gel grønn 4ml | C72: ZHAW | D72: 10040101 | E72: Blodprøvetakingsutst | F72: STK | G72: B | H72: Y | I72: C | J72: 1.2203 | K72: 3300 | L72: 63250 | M72: 24 | N72: 0.2372
A73: 4000432 | B73: Vakumrør Na-citrat blå 3ml | C73: ZHAW | D73: 10040101 | E73: Blodprøvetakingsutst | F73: STK | G73: B | H73: Y | I73: B | J73: 1.2219 | K73: 2600 | L73: 187051 | M73: 24 | N73: 0.1925
A74: 4000434 | B74: Vakumrør K2-EDTA gel hvit 5ml | C74: ZHAW | D74: 10040101 | E74: Blodprøvetakingsutst | F74: STK | G74: A | H74: Y | I74: B | J74: 2.67 | K74: 150 | L74: 122950 | M74: 24 | N74: 0.2284
A75: 4000435 | B75: Vakumrør u/gel m/aktivator rød 6ml | C75: ZHAW | D75: 10040101 | E75: Blodprøvetakingsutst | F75: STK | G75: B | H75: Y | I75: B | J75: 1.2836 | K75: 2100 | L75: 59750 | M75: 24 | N75: 0.3459
A76: 4000441 | B76: Erme opr engangs steril | C76: ZHAW | D76: 10050603 | E76: Operasjonsbekledning | F76: STK | G76: B | H76: Y | I76: C | J76: 5.23 | K76: 60 | L76: 45365 | M76: 24 | N76: 0.2225
A77: 4000442 | B77: Kompress NW 4lag usteril 10x10cm | C77: ZHAW | D77: 10050801 | E77: Sårbehandlingsproduk | F77: STK | G77: A | H77: Y | I77: A | J77: 0.198 | K77: 14900 | L77: 2092600 | M77: 24 | N77: 0.1506
A78: 4000443 | B78: Kompress opr gas 8lag sydd 10x60cm 5pk | C78: ZHAW | D78: 10050605 | E78: Operasjonskompresser | F78: STK | G78: A | H78: X | I78: B | J78: 3.98 | K78: 6435 | L78: 209980 | M78: 24 | N78: 0.1591
A79: 4000445 | B79: Sprøyte luer 1ml | C79: ZHAW | D79: 10050109 | E79: Sprøyter og kanyler | F79: STK | G79: B | H79: X | I79: B | J79: 0.3826 | K79: 2800 | L79: 608031 | M79: 24 | N79: 0.1008
A80: 4000447 | B80: Sprøyte luer 2,5ml | C80: ZHAW | D80: 10050109 | E80: Sprøyter og kanyler | F80: STK | G80: B | H80: Y | I80: B | J80: 0.3349 | K80: 9800 | L80: 603000 | M80: 24 | N80: 0.1109
A81: 4000449 | B81: Sprøyte luer 5ml | C81: ZHAW | D81: 10050109 | E81: Sprøyter og kanyler | F81: STK | G81: B | H81: X | I81: B | J81: 0.4098 | K81: 2800 | L81: 491803 | M81: 24 | N81: 0.1069
A82: 4000452 | B82: Tupfer opr gas nr3 5pk | C82: ZHAW | D82: 10050605 | E82: Operasjonskompresser | F82: STK | G82: C | H82: X | I82: C | J82: 0.92 | K82: 1350 | L82: 52800 | M82: 24 | N82: 0.2384
A83: 4000455 | B83: Kat urin 3v hematuri Couvelair 50ml/Ch18 | C83: ZHAW | D83: 10050404 | E83: Urol. Kateter/tilbh | F83: STK | G83: C | I83: C | J83: 112.7 | K83: 170 | L83: 150 | M83: 12 | N83: 1.1136 | P83: 25847.52 | Q83: 2 | R83: 12 | S83: 24
A84: 4000457 | B84: Kat urin 3v hematuri Couvelair 70ml/Ch22 | C84: ZHAW | D84: 10050404 | E84: Urol. Kateter/tilbh | F84: STK | G84: C | I84: C | J84: 67.46 | K84: 170 | L84: 460 | M84: 4 | N84: 2.2788 | O84: NY_ARTIKKEL | P84: 26393.6 | Q84: 4 | R84: 10 | S84: 40
A85: 4000740 | B85: Bomullspinne tre usteril 15cm | C85: ZHAW | D85: 10050305 | E85: Pasientstell | F85: PSE | G85: C | H85: Z | I85: C | J85: 5.43 | K85: 178 | L85: 3442 | M85: 24 | N85: 0.2175 | P85: 28818.81 | Q85: 36 | R85: 98.14 | S85: 3533
A86: 4000758 | B86: Bandasje silikonnett 5x7cm | C86: ZHAW | D86: 10050801 | E86: Sårbehandlingsproduk | F86: STK | G86: C | I86: C | J86: 11.5 | K86: 140 | L86: 5030 | M86: 24 | N86: 0.2571 | P86: 48300 | Q86: 30 | R86: 14 | S86: 420
A87: 4000759 | B87: Bandasje silikonnett 7,5x10cm | C87: ZHAW | D87: 10050801 | E87: Sårbehandlingsproduk | F87: STK | G87: C | I87: C | J87: 13.17 | K87: 90 | L87: 3000 | M87: 24 | N87: 0.3973 | P87: 34560 | Q87: 32 | R87: 8 | S87: 256
A88: 4000760 | B88: Bandasje silikonnett 10x18cm | C88: ZHAW | D88: 10050801 | E88: Sårbehandlingsproduk | F88: STK | G88: C | I88: C | J88: 34.2 | K88: 50 | L88: 1240 | M88: 24 | N88: 0.6435 | P88: 31122 | Q88: 13 | R88: 7 | S88: 91
A89: 4000761 | B89: Bandasje skum m/silikon 10x10cm | C89: ZHAW | D89: 10050801 | E89: Sårbehandlingsproduk | F89: STK | G89: C | I89: C | J89: 12.37 | K89: 204 | L89: 2718 | M89: 24 | N89: 0.3334 | P89: 30450 | Q89: 29 | R89: 10 | S89: 290
A90: 4000763 | B90: Tape fiksering NW m/beskyttpap 10cmx10m | C90: ZHAW | D90: 10050801 | E90: Sårbehandlingsproduk | F90: RUL | G90: C | I90: C | J90: 17.87 | K90: 35 | L90: 1032 | M90: 24 | N90: 0.2131 | P90: 14960 | Q90: 22 | R90: 40 | S90: 880
A91: 4000764 | B91: Tape fiksering NW m/beskyttpap 15cmx10m | C91: ZHAW | D91: 10050801 | E91: Sårbehandlingsproduk | F91: RUL | G91: C | I91: C | J91: 26.34 | K91: 26 | L91: 691 | M91: 24 | N91: 0.2244
A92: 4000765 | B92: Tape fiksering NW m/beskyttpap 20cmx10m | C92: ZHAW | D92: 10050801 | E92: Sårbehandlingsproduk | F92: RUL | G92: C | I92: C | J92: 65.43 | K92: 32 | L92: 179 | M92: 24 | N92: 0.8146 | P92: 6400 | Q92: 8 | R92: 20 | S92: 160
A93: 4000766 | B93: Hanske opr syntetisk micro indikator 6,0 | C93: ZHAW | D93: 10050604 | E93: Operasjonshansker | F93: SET | G93: C | H93: X | I93: C | J93: 26.34 | K93: 125 | L93: 1650 | M93: 23 | N93: 0.6904 | P93: 20596 | Q93: 4 | R93: 2 | S93: 8
A94: 4000767 | B94: Hanske opr syntetisk micro indikator 6,5 | C94: ZHAW | D94: 10050604 | E94: Operasjonshansker | F94: SET | G94: B | H94: X | I94: C | J94: 26.56 | K94: 200 | L94: 7150 | M94: 24 | N94: 0.2385
A95: 4000768 | B95: Hanske opr syntetisk micro indikator 7,0 | C95: ZHAW | D95: 10050604 | E95: Operasjonshansker | F95: SET | G95: B | H95: X | I95: C | J95: 26.54 | K95: 50 | L95: 6400 | M95: 24 | N95: 0.2847
A96: 4000769 | B96: Hanske opr syntetisk micro indikator 7,5 | C96: ZHAW | D96: 10050604 | E96: Operasjonshansker | F96: SET | G96: B | H96: X | I96: C | J96: 26.52 | K96: 100 | L96: 7000 | M96: 24 | N96: 0.2277
A97: 4000770 | B97: Hanske opr syntetisk micro indikator 8,0 | C97: ZHAW | D97: 10050604 | E97: Operasjonshansker | F97: SET | G97: C | H97: X | I97: C | J97: 26.56 | K97: 100 | L97: 2275 | M97: 24 | N97: 0.8057 | P97: 20528 | Q97: 2 | R97: 4 | S97: 8
A98: 4000772 | B98: Hanske opr syntetisk micro 7,0 | C98: ZHAW | D98: 10050604 | E98: Operasjonshansker | F98: PAR | G98: A | H98: Y | I98: C | J98: 13.28 | K98: 450 | L98: 28650 | M98: 24 | N98: 0.2574
A99: 4000773 | B99: Hanske opr syntetisk micro 8,0 | C99: ZHAW | D99: 10050604 | E99: Operasjonshansker | F99: PAR | G99: C | H99: Y | I99: C | J99: 13.27 | K99: 125 | L99: 4500 | M99: 24 | N99: 0.6896
A100: 4000775 | B100: Laken opr hånd/fot elastisk hull 150x180 | C100: ZHAW | D100: 10050607 | E100: Oppdekkingsprodukter | F100: STK | G100: C | H100: Y | I100: C | J100: 35.88 | K100: 85 | L100: 2312 | M100: 23 | N100: 0.4904
A101: 4000776 | B101: Hanske opr lateks indikator 6,0 | C101: ZHAW | D101: 10050604 | E101: Operasjonshansker | F101: SET | G101: B | H101: X | I101: C | J101: 25.55 | K101: 100 | L101: 6425 | M101: 24 | N101: 0.2634
A102: 4000777 | B102: Hanske opr lateks indikator 6,5 | C102: ZHAW | D102: 10050604 | E102: Operasjonshansker | F102: SET | G102: A | H102: X | I102: B | J102: 25.55 | K102: 575 | L102: 54850 | M102: 24 | N102: 0.1654
...

Sheet KVALITETSRAPPORT
A1: 🔴 KVALITETSRAPPORT
A3: Generert dato | B3: =TODAY() -> 46094
A4: Antall artikler i MASTERFILE | B4: =COUNTA(MASTERFILE!A11:A719) -> 709
A5: Antall med NY_ARTIKKEL status | B5: =COUNTIF(MASTERFILE!O11:O719,"NY_ARTIKKEL") -> 44
A6: Felt med lavest dekning | B6: LEAD_TIME_DAYS
A7: Felt med høyest dekning | B7: UNIT_PRICE
A8: Dekningsterskel (OK) | B8: 0.8
A10: Felt | B10: Antall | C10: Av total | D10: Dekning (%) | E10: Status
A11: ZZXYZ | B11: =COUNTIF(MASTERFILE!H11:H719,"<>") -> 394 | C11: =COUNTA(MASTERFILE!A11:A719) -> 709 | D11: =B11/C11 -> 0.55571227 | E11: =IF(D11>=0.8,"✅ OK","⚠️ LAV") -> ⚠️ LAV
A12: UNIT_PRICE | B12: =COUNTIF(MASTERFILE!J11:J719,"<>") -> 708 | C12: =COUNTA(MASTERFILE!A11:A719) -> 709 | D12: =B12/C12 -> 0.99858956 | E12: =IF(D12>=0.8,"✅ OK","⚠️ LAV") -> ✅ OK
A13: CV | B13: =COUNTIF(MASTERFILE!N11:N719,"<>") -> 687 | C13: =COUNTA(MASTERFILE!A11:A719) -> 709 | D13: =B13/C13 -> 0.96897038 | E13: =IF(D13>=0.8,"✅ OK","⚠️ LAV") -> ✅ OK
A14: TOTAL_NETWR | B14: =COUNTIF(MASTERFILE!P11:P719,"<>") -> 505 | C14: =COUNTA(MASTERFILE!A11:A719) -> 709 | D14: =B14/C14 -> 0.7122708 | E14: =IF(D14>=0.8,"✅ OK","⚠️ LAV") -> ⚠️ LAV
A15: LEAD_TIME_DAYS | B15: =COUNTIF(MASTERFILE!T11:T719,"<>") -> 42 | C15: =COUNTA(MASTERFILE!A11:A719) -> 709 | D15: =B15/C15 -> 0.059238364 | E15: =IF(D15>=0.8,"✅ OK","⚠️ LAV") -> ⚠️ LAV
A17: SPESIALSTATISTIKK
A18: Antall MSEG_STATUS = NY_ARTIKKEL | B18: =COUNTIF(MASTERFILE!O11:O719,"NY_ARTIKKEL") -> 44
